pilot_id	pair	trait	old_model	new_model	old_B	new_B	old_effective_rank	new_effective_rank	old_r_over_B	new_r_over_B	old_Q_art	new_Q_art	old_B_corrected	new_B_corrected	old_R_sensitivity_flag	new_R_sensitivity_flag	old_R_reliability_flag	new_R_reliability_flag	old_n_credible_sets	new_n_credible_sets	old_top_PIP_SNP	new_top_PIP_SNP	rescue_class	Q_art_improved_50pct	B_ratio_improved_50pct	old_top_PIP	new_top_PIP	old_credible_set_sizes	new_credible_set_sizes
"P2BP02"	"AMD-T2D"	"AMD"	"1000G_mismatch"	"PanUKBB_mismatch"	503	420542	25.0634927561693	24.3598318080572	0.0498280174078913	5.79248489046449e-05	0.435751188133744	0.0130666729023417	0.0879077745959863	14.2241390632542	FALSE	FALSE	TRUE	FALSE	0	0	"17:4433600:G:T"	"17:4140669:G:T"	"RESCUED"	TRUE	FALSE	0.0246518255074989	0.0664797649349275	NA	NA
"P2BP02"	"AMD-T2D"	"T2D"	"1000G_mismatch"	"PanUKBB_mismatch"	503	420542	25.0634927561693	24.3598318080572	0.0498280174078913	5.79248489046449e-05	0.44948177277467	0.014597327241624	8.48487496713691	420542	TRUE	FALSE	TRUE	FALSE	1	1	"17:3985864:G:A"	"17:3985864:G:A"	"RESCUED"	TRUE	TRUE	0.433324795966055	0.6522621755569	"8"	"5"
"P2BP03"	"AMD-CKD"	"AMD"	"1000G_mismatch"	"PanUKBB_mismatch"	503	420542	15.9505717017194	15.6638975359012	0.0317108781346311	3.72469278595269e-05	0.303132656229978	0.0142638974972482	2.28956147329749	420542	FALSE	FALSE	TRUE	FALSE	1	1	"7:104771857:T:C"	"7:104771857:T:C"	"RESCUED"	TRUE	TRUE	0.118339642676863	0.118339642676863	"17"	"17"
"P2BP03"	"AMD-CKD"	"CKD"	"1000G_mismatch"	"PanUKBB_mismatch"	503	420542	15.9505717017194	15.6638975359012	0.0317108781346311	3.72469278595269e-05	0.495641088338038	0.02297802228328	0.182899405462998	2.53810528046391	FALSE	FALSE	TRUE	FALSE	0	0	"7:104164294:A:G"	"7:104164294:A:G"	"RESCUED"	TRUE	FALSE	0.0216766000891809	0.0216766000891809	NA	NA
"P2BP04"	"AMD-STROKE"	"AMD"	"1000G_mismatch"	"PanUKBB_mismatch"	503	420542	14.6454320958976	14.266084764417	0.0291161671886633	3.39230915447614e-05	0.43064361172288	0.0116882095188721	0.102486175736452	10.0899441388672	FALSE	FALSE	TRUE	FALSE	0	0	"17:4140669:G:T"	"17:4140669:G:T"	"RESCUED"	TRUE	FALSE	0.0284573121400127	0.0476029404587092	NA	NA
"P2BP04"	"AMD-STROKE"	"STROKE"	"1000G_mismatch"	"PanUKBB_mismatch"	503	420542	14.6454320958976	14.266084764417	0.0291161671886633	3.39230915447614e-05	0.555046182440279	0.0932733316344303	0.565223791981934	420542	FALSE	FALSE	TRUE	FALSE	1	1	"17:4199284:A:G"	"17:4199284:A:G"	"RESCUED"	TRUE	TRUE	0.0980279977500341	0.0980279977500341	"47"	"47"
"P2BP05"	"POAG-CKD"	"POAG"	"1000G_mismatch"	"PanUKBB_mismatch"	503	420542	17.5011383716163	17.6665225684647	0.0347935156493366	4.20089374389827e-05	0.20480605781583	0.0294182813290594	3.41760256328035	1332.66015212866	FALSE	FALSE	TRUE	FALSE	0	0	"4:144210162:G:A"	"4:144210162:G:A"	"RESCUED"	TRUE	FALSE	0.0812761568031613	0.0812761568031629	NA	NA
"P2BP05"	"POAG-CKD"	"CKD"	"1000G_mismatch"	"PanUKBB_mismatch"	503	420542	17.5011383716163	17.6665225684647	0.0347935156493366	4.20089374389827e-05	0.342194460709803	0.0169820449284618	0.323439504308135	3.32003140560276	FALSE	FALSE	TRUE	FALSE	0	0	"4:143722951:T:C"	"4:143722951:T:C"	"RESCUED"	TRUE	FALSE	0.0254199250200029	0.0254199250198943	NA	NA
"P2BP06"	"AMD-T2D"	"AMD"	"1000G_mismatch"	"PanUKBB_mismatch"	503	420542	26.2240230308204	24.8996750469732	0.0521352346537185	5.92085333854245e-05	0.221396757195382	0.00533563176441876	6.61541105431249	10.342271382724	FALSE	FALSE	TRUE	FALSE	0	0	"2:43095988:C:T"	"2:43095988:C:T"	"RESCUED"	TRUE	FALSE	0.297847772322489	0.311150024649417	NA	NA
"P2BP06"	"AMD-T2D"	"T2D"	"1000G_mismatch"	"PanUKBB_mismatch"	503	420542	26.2240230308204	24.8996750469732	0.0521352346537185	5.92085333854245e-05	0.328389082989149	0.00324672013107365	17.8472746728777	50.8680287792067	FALSE	FALSE	TRUE	FALSE	1	1	"2:43806918:C:T"	"2:43806918:C:T"	"RESCUED"	TRUE	FALSE	0.336601895993247	0.272799981305778	"7"	"11"
"P2BP07"	"AMD-CAD"	"AMD"	"1000G_mismatch"	"PanUKBB_mismatch"	503	420542	20.1862085835234	19.9504940918499	0.0401316274026311	4.74399562751163e-05	0.176955788856254	0.0106529736189969	10.0629365386372	420542	FALSE	FALSE	TRUE	FALSE	1	1	"16:75252327:G:A"	"16:75252327:G:A"	"RESCUED"	TRUE	TRUE	0.777964857311094	0.777964857311094	"2"	"2"
"P2BP07"	"AMD-CAD"	"CAD"	"1000G_mismatch"	"PanUKBB_mismatch"	503	420542	20.1862085835234	19.9504940918499	0.0401316274026311	4.74399562751163e-05	0.070612329499217	0.0308584220629651	359.497013667811	420542	TRUE	FALSE	TRUE	FALSE	7	2	"16:75434146:C:T"	"16:75247245:T:G"	"RESCUED"	TRUE	TRUE	0.999990985752667	0.520699103124376	"1;2;2;3;3;5;8"	"10;5"
"P2BP08"	"AMD-STROKE"	"AMD"	"1000G_mismatch"	"PanUKBB_mismatch"	503	420542	9.66888813009347	9.39178545895585	0.0192224416105238	2.23325742944958e-05	0.0661509616039936	0.0173354859019621	503	420542	TRUE	FALSE	TRUE	FALSE	3	1	"12:112019799:G:T"	"12:112019799:G:T"	"RESCUED"	TRUE	TRUE	0.96366019337042	0.0639686897060464	"4;3;10"	"38"
"P2BP08"	"AMD-STROKE"	"STROKE"	"1000G_mismatch"	"PanUKBB_mismatch"	503	420542	9.66888813009347	9.39178545895585	0.0192224416105238	2.23325742944958e-05	0.0804110574155506	0.130284899028358	503	420542	TRUE	FALSE	TRUE	TRUE	3	1	"12:112906415:A:G"	"12:112072424:A:G"	"PARTIALLY_RESCUED"	FALSE	TRUE	0.999999999999979	0.967062233700806	"1;2;2"	"1"
