tier	pair	hidden_mixed_pair	chr	region_start	region_end	SUPERGNOVA_rho	SUPERGNOVA_q	PLACO_locus_id	lead_SNP	lead_BP	PLACO_P	PLACO_q	beta_ocular	beta_systemic	effect_product	directional_status	N_independent_loci_in_region	fine_mapping_readiness	LD_reference_status	Finnish_LD_flag
TIER A2	AMD-CAD	True	5	120963248	121481183	-0.0003562910341955	3.94366034897092e-06	AMD-CAD|chr5|rs11241627	rs11241627	121273302.0	1.32729e-10	2.2740564239448013e-06	0.116362	-0.03729699	-0.00433995235038	DIRECTION_CONCORDANT	1	CONDITIONAL	EUR_REFERENCE_AVAILABLE_ORGANIZATIONAL_ONLY	NO
TIER A2	AMD-CAD	True	7	98152191	100555361	-0.0003931385560226	0.0019213403806528	AMD-CAD|chr7|rs1133790	rs1133790	99632982.0	3.07309e-07	0.0013609597448153	0.0852516	-0.0223236	-0.0019031226177599998	DIRECTION_CONCORDANT	1	CONDITIONAL	EUR_REFERENCE_AVAILABLE_ORGANIZATIONAL_ONLY	NO
TIER A2	AMD-CKD	True	7	104158491	105425027	-0.0004883119291701	0.0109718453325452	AMD-CKD|chr7|rs6966728	rs6966728	104618318.0	3.78157e-07	0.0016127864446326	0.120403	-0.0215	-0.0025886645	DIRECTION_CONCORDANT	1	CONDITIONAL	EUR_REFERENCE_AVAILABLE_ORGANIZATIONAL_ONLY	NO
TIER A2	AMD-PD	False	7	104158491	105425027	-0.0004907398412209	0.0204432661966933	AMD-PD|chr7|rs2097942	rs2097942	104725105.0	3.27121e-07	0.0014294957819376	0.117295	-0.054	-0.00633393	DIRECTION_CONCORDANT	1	CONDITIONAL	EUR_REFERENCE_AVAILABLE_ORGANIZATIONAL_ONLY	NO
TIER A2	AMD-STROKE	True	17	3426133	4321755	-0.0005152675087054	0.0044438131494795	AMD-STROKE|chr17|rs2727074	rs2727074	3994670.0	1.56466e-06	0.0051948475703604	0.0596245	-0.0339	-0.00202127055	DIRECTION_CONCORDANT	1	CONDITIONAL	EUR_REFERENCE_AVAILABLE_ORGANIZATIONAL_ONLY	NO
TIER A2	AMD-T2D	True	2	43309247	44048346	-0.0006783499484874	0.0314731563032679	AMD-T2D|chr2|rs1549723	rs1549723	43460514.0	3.81017e-08	0.0002526931900168	0.0699072	-0.0581	-0.00406160832	DIRECTION_CONCORDANT	4	CONDITIONAL	EUR_REFERENCE_AVAILABLE_ORGANIZATIONAL_ONLY	NO
TIER A2	AMD-T2D	True	2	43309247	44048346	-0.0006783499484874	0.0314731563032679	AMD-T2D|chr2|rs6722743	rs6722743	43095988.0	8.80646e-07	0.0032481907085514	-0.0790683	0.0279	-0.00220600557	DIRECTION_CONCORDANT	4	CONDITIONAL	EUR_REFERENCE_AVAILABLE_ORGANIZATIONAL_ONLY	NO
TIER A2	AMD-T2D	True	2	43309247	44048346	-0.0006783499484874	0.0314731563032679	AMD-T2D|chr2|rs6544658	rs6544658	43652117.0	1.61168e-05	0.02798192904912	0.0389886	-0.0423	-0.0016492177799999998	DIRECTION_CONCORDANT	4	CONDITIONAL	EUR_REFERENCE_AVAILABLE_ORGANIZATIONAL_ONLY	NO
TIER A2	AMD-T2D	True	2	43309247	44048346	-0.0006783499484874	0.0314731563032679	AMD-T2D|chr2|rs11904510	rs11904510	43797710.0	3.17214e-05	0.044640487857605	0.0422936	-0.04	-0.001691744	DIRECTION_CONCORDANT	4	CONDITIONAL	EUR_REFERENCE_AVAILABLE_ORGANIZATIONAL_ONLY	NO
TIER A2	AMD-T2D	True	17	3426133	4321755	-0.0006867881247124	0.0233068449962225	AMD-T2D|chr17|rs2278524	rs2278524	4081975.0	1.05736e-08	8.569379518364686e-05	-0.0643844	0.0501	-0.0032256584399999997	DIRECTION_CONCORDANT	2	CONDITIONAL	EUR_REFERENCE_AVAILABLE_ORGANIZATIONAL_ONLY	NO
TIER A2	AMD-T2D	True	17	3426133	4321755	-0.0006867881247124	0.0233068449962225	AMD-T2D|chr17|rs1076902	rs1076902	3828822.0	4.47666e-06	0.0113824076215824	-0.0987442	0.0549	-0.00542105658	DIRECTION_CONCORDANT	2	CONDITIONAL	EUR_REFERENCE_AVAILABLE_ORGANIZATIONAL_ONLY	NO
TIER A2	CAT-AD	True	1	206706419	208158787	-0.0002848402193571	0.0002752403888758	CAT-AD|chr1|rs34626131	rs34626131	207880977.0	2.68985e-09	2.7863083493360047e-05	0.0396022	-0.0438	-0.00173457636	DIRECTION_CONCORDANT	2	CONDITIONAL	FINNISH_LD_REQUIRED	FINNISH_LD_SENSITIVITY_REQUIRED
TIER A2	CAT-AD	True	1	206706419	208158787	-0.0002848402193571	0.0002752403888758	CAT-AD|chr1|rs200114063	rs200114063	207385580.0	4.86191e-07	0.0019984021765483	-0.0335474	0.0305	-0.0010231957	DIRECTION_CONCORDANT	2	CONDITIONAL	FINNISH_LD_REQUIRED	FINNISH_LD_SENSITIVITY_REQUIRED
TIER A2	CAT-AD	True	7	98152191	100555361	-0.0001423302020509	0.0392017080189121	CAT-AD|chr7|rs1617502	rs1617502	99809835.0	3.19679e-06	0.0089205116100095	-0.0178238	0.0555	-0.0009892209	DIRECTION_CONCORDANT	1	CONDITIONAL	FINNISH_LD_REQUIRED	FINNISH_LD_SENSITIVITY_REQUIRED
TIER A2	CAT-AD	True	11	59620206	61870732	-0.0002600201408	0.0062177629514779	CAT-AD|chr11|rs558678	rs558678	59852113.0	1.52642e-10	2.5633615320942207e-06	0.0293797	-0.0661	-0.0019419981700000003	DIRECTION_CONCORDANT	3	CONDITIONAL	FINNISH_LD_REQUIRED	FINNISH_LD_SENSITIVITY_REQUIRED
TIER A2	CAT-AD	True	11	59620206	61870732	-0.0002600201408	0.0062177629514779	CAT-AD|chr11|rs76834192	rs76834192	59766312.0	1.00216e-05	0.0200649726307319	-0.0378621	0.074	-0.0028017954	DIRECTION_CONCORDANT	3	CONDITIONAL	FINNISH_LD_REQUIRED	FINNISH_LD_SENSITIVITY_REQUIRED
TIER A2	CAT-AD	True	11	59620206	61870732	-0.0002600201408	0.0062177629514779	CAT-AD|chr11|rs4939330	rs4939330	60049407.0	1.45482e-05	0.0260399231812906	0.0257545	-0.0479	-0.00123364055	DIRECTION_CONCORDANT	3	CONDITIONAL	FINNISH_LD_REQUIRED	FINNISH_LD_SENSITIVITY_REQUIRED
TIER A2	CAT-CKD	False	17	17299591	18446092	-0.0001709140077804	0.0023788345085109	CAT-CKD|chr17|rs12936927	rs12936927	17726965.0	1.7894e-06	0.0057788521932764	-0.0340341	0.0348	-0.0011843866799999998	DIRECTION_CONCORDANT	1	CONDITIONAL	FINNISH_LD_REQUIRED	FINNISH_LD_SENSITIVITY_REQUIRED
TIER A2	CAT-PD	False	17	14860784	16319512	-0.0004103230473073	3.275789704560942e-06	CAT-PD|chr17|rs4566208	rs4566208	16010920.0	3.62852e-11	7.858117000291832e-07	0.0349106	-0.0957	-0.00334094442	DIRECTION_CONCORDANT	1	CONDITIONAL	FINNISH_LD_REQUIRED	FINNISH_LD_SENSITIVITY_REQUIRED
TIER A2	CAT-STROKE	True	10	12799286	13718384	-0.0002443768914323	0.0205537196823386	CAT-STROKE|chr10|rs4750356	rs4750356	13480789.0	2.23671e-06	0.0068799431988012	-0.0289314	0.0254	-0.0007348575599999999	DIRECTION_CONCORDANT	1	CONDITIONAL	FINNISH_LD_REQUIRED	FINNISH_LD_SENSITIVITY_REQUIRED
TIER A2	CAT-T2D	False	2	43309247	44048346	-0.0001797901249829	0.0341899133486484	CAT-T2D|chr2|rs72790940	rs72790940	43768545.0	1.21812e-06	0.0042308289968227	0.0224994	-0.0806	-0.00181345164	DIRECTION_CONCORDANT	1	CONDITIONAL	FINNISH_LD_REQUIRED	FINNISH_LD_SENSITIVITY_REQUIRED
TIER A2	CAT-T2D	False	4	94230511	95596188	-0.0001375879505063	0.0472529339623195	CAT-T2D|chr4|rs1509946	rs1509946	95109078.0	2.45822e-07	0.0011398493841337	0.0221912	-0.0386	-0.0008565803200000001	DIRECTION_CONCORDANT	1	CONDITIONAL	FINNISH_LD_REQUIRED	FINNISH_LD_SENSITIVITY_REQUIRED
TIER A2	CAT-T2D	False	22	44317416	44818986	-0.0002150881090289	0.0024280460328743	CAT-T2D|chr22|rs3747207	rs3747207	44324855.0	4.96121e-08	0.0003084028638052	-0.030814	0.0435	-0.0013404089999999999	DIRECTION_CONCORDANT	1	CONDITIONAL	FINNISH_LD_REQUIRED	FINNISH_LD_SENSITIVITY_REQUIRED
TIER A2	POAG-CAD	False	7	1493090	2479029	-0.0002053348962016	0.0237098987773341	POAG-CAD|chr7|rs10278591	rs10278591	1921362.0	1.04602e-07	0.0005677148268236	0.0603	-0.03327771	-0.0020066459130000003	DIRECTION_CONCORDANT	1	CONDITIONAL	EUR_REFERENCE_AVAILABLE_ORGANIZATIONAL_ONLY	NO
TIER A2	POAG-CAD	False	10	99554895	100240681	-0.0001791143295676	0.0261742807478925	POAG-CAD|chr10|rs10883050	rs10883050	99943568.0	1.42988e-06	0.0048314412609813	0.0448	-0.02570668	-0.001151659264	DIRECTION_CONCORDANT	1	CONDITIONAL	EUR_REFERENCE_AVAILABLE_ORGANIZATIONAL_ONLY	NO
TIER A2	POAG-CAD	False	16	74730819	75517115	-0.0002679344383509	0.0205537196823386	POAG-CAD|chr16|rs999675	rs999675	75306402.0	1.04254e-10	1.844456266548332e-06	-0.0555	0.03829592	-0.00212542356	DIRECTION_CONCORDANT	1	CONDITIONAL	EUR_REFERENCE_AVAILABLE_ORGANIZATIONAL_ONLY	NO
TIER A2	POAG-CAD	False	17	1481897	2613925	-0.0006007450401361	2.4452296337214182e-09	POAG-CAD|chr17|rs7217226	rs7217226	2136065.0	2.45846e-12	8.350040024510879e-08	0.0547	-0.04127245	-0.002257603015	DIRECTION_CONCORDANT	2	CONDITIONAL	EUR_REFERENCE_AVAILABLE_ORGANIZATIONAL_ONLY	NO
TIER A2	POAG-CAD	False	17	1481897	2613925	-0.0006007450401361	2.4452296337214182e-09	POAG-CAD|chr17|rs9894634	rs9894634	1967501.0	3.96091e-07	0.001678959504337	-0.0403	0.029322	-0.0011816766000000002	DIRECTION_CONCORDANT	2	CONDITIONAL	EUR_REFERENCE_AVAILABLE_ORGANIZATIONAL_ONLY	NO
TIER A2	POAG-CKD	True	4	142808503	145021868	-0.0003252435019551	0.0472529339623195	POAG-CKD|chr4|rs11100780	rs11100780	144104906.0	6.40634e-06	0.0146800774030961	0.056	-0.0267	-0.0014952000000000001	DIRECTION_CONCORDANT	1	CONDITIONAL	EUR_REFERENCE_AVAILABLE_ORGANIZATIONAL_ONLY	NO
TIER A2	POAG-STROKE	False	4	142808503	145021868	-0.0003809013220984	0.0017427772635334	POAG-STROKE|chr4|rs7670439	rs7670439	144080267.0	1.30671e-08	0.0001026431939136	-0.0564	0.0319	-0.0017991599999999997	DIRECTION_CONCORDANT	1	CONDITIONAL	EUR_REFERENCE_AVAILABLE_ORGANIZATIONAL_ONLY	NO
TIER A2	POAG-T2D	False	9	125545194	126926376	-0.0003856203292119	0.0266809122382042	POAG-T2D|chr9|rs10818834	rs10818834	126317324.0	2.83581e-06	0.0081900176782556	0.0557	-0.0289	-0.00160973	DIRECTION_CONCORDANT	1	CONDITIONAL	EUR_REFERENCE_AVAILABLE_ORGANIZATIONAL_ONLY	NO
TIER A2	POAG-T2D	False	16	60291	596605	-0.000228479108544	0.0205537196823386	POAG-T2D|chr16|rs10903013	rs10903013	312253.0	1.54377e-05	0.0271532966519802	-0.0342	0.0564	-0.00192888	DIRECTION_CONCORDANT	1	CONDITIONAL	EUR_REFERENCE_AVAILABLE_ORGANIZATIONAL_ONLY	NO
TIER C2	AMD-CAD	True	12	110112932	113027651	0.0006148989548753	0.0010233564042257	AMD-CAD|chr12|rs848132	rs848132	111989979.0	1.38907e-13	7.865723671837033e-09	-0.107395	-0.04720425	0.00506950042875	DIRECTION_CONCORDANT	4	CONDITIONAL	EUR_REFERENCE_AVAILABLE_ORGANIZATIONAL_ONLY	NO
TIER C2	AMD-CAD	True	12	110112932	113027651	0.0006148989548753	0.0010233564042257	AMD-CAD|chr12|rs7311681	rs7311681	112817847.0	2.52735e-09	2.6384576067646026e-05	-0.104678	-0.03570524	0.00373755311272	DIRECTION_CONCORDANT	4	CONDITIONAL	EUR_REFERENCE_AVAILABLE_ORGANIZATIONAL_ONLY	NO
TIER C2	AMD-CAD	True	12	110112932	113027651	0.0006148989548753	0.0010233564042257	AMD-CAD|chr12|rs4766453	rs4766453	111692124.0	7.19931e-06	0.0158576190123231	-0.0591827	-0.03134834	0.001855279401718	DIRECTION_CONCORDANT	4	CONDITIONAL	EUR_REFERENCE_AVAILABLE_ORGANIZATIONAL_ONLY	NO
TIER C2	AMD-CAD	True	12	110112932	113027651	0.0006148989548753	0.0010233564042257	AMD-CAD|chr12|rs12828640	rs12828640	111361298.0	1.3988e-05	0.0253735745772058	-0.0407483	-0.03052014	0.001243643820762	DIRECTION_CONCORDANT	4	CONDITIONAL	EUR_REFERENCE_AVAILABLE_ORGANIZATIONAL_ONLY	NO
TIER C2	AMD-CAD	True	16	74730819	75517115	0.000652618425972	0.0044438131494795	AMD-CAD|chr16|rs7202877	rs7202877	75247245.0	4.12431e-16	6.916022967885695e-11	-0.198139	-0.05863281	0.01161744634059	DIRECTION_CONCORDANT	2	CONDITIONAL	EUR_REFERENCE_AVAILABLE_ORGANIZATIONAL_ONLY	NO
TIER C2	AMD-CAD	True	16	74730819	75517115	0.000652618425972	0.0044438131494795	AMD-CAD|chr16|rs4888432	rs4888432	75510973.0	3.6501e-06	0.0098301869830784	0.0443987	0.03052072	0.001355080291064	DIRECTION_CONCORDANT	2	CONDITIONAL	EUR_REFERENCE_AVAILABLE_ORGANIZATIONAL_ONLY	NO
TIER C2	AMD-CKD	True	12	110112932	113027651	0.0004688619412696	0.0196335024289898	AMD-CKD|chr12|rs653178	rs653178	112007756.0	3.17359e-07	0.0013954989325746	-0.0679116	-0.039	0.0026485524	DIRECTION_CONCORDANT	1	CONDITIONAL	EUR_REFERENCE_AVAILABLE_ORGANIZATIONAL_ONLY	NO
TIER C2	AMD-STROKE	True	12	110112932	113027651	0.0006560101076822	0.0196335024289898	AMD-STROKE|chr12|rs653178	rs653178	112007756.0	9.41041e-13	3.75461080255496e-08	-0.0679116	-0.0568	0.0038573788800000002	DIRECTION_CONCORDANT	3	CONDITIONAL	EUR_REFERENCE_AVAILABLE_ORGANIZATIONAL_ONLY	NO
TIER C2	AMD-STROKE	True	12	110112932	113027651	0.0006560101076822	0.0196335024289898	AMD-STROKE|chr12|rs7311681	rs7311681	112817847.0	8.71363e-09	7.294824470720389e-05	-0.104678	-0.0438	0.0045848964	DIRECTION_CONCORDANT	3	CONDITIONAL	EUR_REFERENCE_AVAILABLE_ORGANIZATIONAL_ONLY	NO
TIER C2	AMD-STROKE	True	12	110112932	113027651	0.0006560101076822	0.0196335024289898	AMD-STROKE|chr12|rs4378452	rs4378452	111504033.0	1.07629e-05	0.0210786591226504	0.0414411	0.0464	0.00192286704	DIRECTION_CONCORDANT	3	CONDITIONAL	EUR_REFERENCE_AVAILABLE_ORGANIZATIONAL_ONLY	NO
TIER C2	AMD-T2D	True	4	103388441	104802530	0.0004845007260895	0.0028273431483929	AMD-T2D|chr4|rs11734396	rs11734396	104022110.0	3.00039e-07	0.0013355791363468	-0.0832795	-0.0405	0.0033728197500000005	DIRECTION_CONCORDANT	1	CONDITIONAL	EUR_REFERENCE_AVAILABLE_ORGANIZATIONAL_ONLY	NO
TIER C2	AMD-T2D	True	5	73508509	75240469	0.0005999634302436	0.0264300987291456	AMD-T2D|chr5|rs34358	rs34358	74965122.0	5.44313e-09	4.997101152964296e-05	0.0662086	0.0463	0.0030654581800000002	DIRECTION_CONCORDANT	1	CONDITIONAL	EUR_REFERENCE_AVAILABLE_ORGANIZATIONAL_ONLY	NO
TIER C2	AMD-T2D	True	7	104158491	105425027	0.0005962144578605	0.0268116779227324	AMD-T2D|chr7|rs7776707	rs7776707	104605530.0	5.91758e-08	0.0003555739790543	0.115597	0.0231	0.0026702907	DIRECTION_CONCORDANT	2	CONDITIONAL	EUR_REFERENCE_AVAILABLE_ORGANIZATIONAL_ONLY	NO
TIER C2	AMD-T2D	True	7	104158491	105425027	0.0005962144578605	0.0268116779227324	AMD-T2D|chr7|rs4460308	rs4460308	104420060.0	6.93265e-06	0.0154556220441765	0.0643744	0.0287	0.0018475452799999999	DIRECTION_CONCORDANT	2	CONDITIONAL	EUR_REFERENCE_AVAILABLE_ORGANIZATIONAL_ONLY	NO
TIER C2	CAT-AD	True	2	26894589	28597305	0.0001155461760498	0.0472529339623195	CAT-AD|chr2|rs10209020	rs10209020	27980944.0	2.1964e-05	0.0347385880298751	0.0276411	0.0306	0.0008458176599999999	DIRECTION_CONCORDANT	1	CONDITIONAL	FINNISH_LD_REQUIRED	FINNISH_LD_SENSITIVITY_REQUIRED
TIER C2	CAT-AD	True	2	202830132	204814896	0.0001276638548397	0.0472529339623195	CAT-AD|chr2|rs140750546	rs140750546	203863736.0	4.11609e-07	0.0017347799071054	-0.0378571	-0.0606	0.00229414026	DIRECTION_CONCORDANT	1	CONDITIONAL	FINNISH_LD_REQUIRED	FINNISH_LD_SENSITIVITY_REQUIRED
TIER C2	CAT-CAD	False	1	175385076	176416712	0.000104141607862	0.0110084032525461	CAT-CAD|chr1|rs2938154	rs2938154	176385265.0	1.28889e-06	0.0044358007578444	0.0312359	0.01898643	0.000593058228837	DIRECTION_CONCORDANT	1	CONDITIONAL	FINNISH_LD_REQUIRED	FINNISH_LD_SENSITIVITY_REQUIRED
TIER C2	CAT-CAD	False	11	110702636	111981853	0.0001328932334462	0.0004989598572819	CAT-CAD|chr11|rs10502145	rs10502145	111525069.0	5.08732e-07	0.0020750817133081	-0.0332917	-0.01960138	0.000652563262546	DIRECTION_CONCORDANT	1	CONDITIONAL	FINNISH_LD_REQUIRED	FINNISH_LD_SENSITIVITY_REQUIRED
TIER C2	CAT-CAD	False	16	74730819	75517115	0.0001129640486781	0.0237098987773341	CAT-CAD|chr16|rs3851734	rs3851734	75371920.0	1.21225e-06	0.0042142540287784	0.0139965	0.04327552	0.00060570581568	DIRECTION_CONCORDANT	1	CONDITIONAL	FINNISH_LD_REQUIRED	FINNISH_LD_SENSITIVITY_REQUIRED
TIER C2	CAT-STROKE	True	17	17299591	18446092	0.0001787233093715	0.0196335024289898	CAT-STROKE|chr17|rs11870660	rs11870660	17877096.0	3.95962e-09	3.8640784692281526e-05	0.0345989	0.0327	0.0011313840300000001	DIRECTION_CONCORDANT	1	CONDITIONAL	FINNISH_LD_REQUIRED	FINNISH_LD_SENSITIVITY_REQUIRED
TIER C2	CAT-T2D	False	4	5971634	7135912	0.0003972937806551	2.0594244705074573e-05	CAT-T2D|chr4|rs62283057	rs62283057	6276805.0	2.36815e-09	2.499499601857064e-05	-0.0275215	-0.0732	0.0020145738000000002	DIRECTION_CONCORDANT	2	CONDITIONAL	FINNISH_LD_REQUIRED	FINNISH_LD_SENSITIVITY_REQUIRED
TIER C2	CAT-T2D	False	4	5971634	7135912	0.0003972937806551	2.0594244705074573e-05	CAT-T2D|chr4|rs2269920	rs2269920	6323454.0	2.17402e-06	0.0067366622844453	0.0160157	0.0555	0.0008888713500000001	DIRECTION_CONCORDANT	2	CONDITIONAL	FINNISH_LD_REQUIRED	FINNISH_LD_SENSITIVITY_REQUIRED
TIER C2	CAT-T2D	False	4	103388441	104802530	0.0001431518936158	0.0472529339623195	CAT-T2D|chr4|rs228631	rs228631	103573863.0	2.08422e-07	0.0009929572118335	0.0290655	0.0295	0.00085743225	DIRECTION_CONCORDANT	1	CONDITIONAL	FINNISH_LD_REQUIRED	FINNISH_LD_SENSITIVITY_REQUIRED
TIER C2	CAT-T2D	False	17	17299591	18446092	0.0002213939581042	0.0008228868786915	CAT-T2D|chr17|rs8079321	rs8079321	17760789.0	1.1908e-10	2.0688069769712464e-06	-0.0364373	-0.0377	0.0013736862099999999	DIRECTION_CONCORDANT	2	CONDITIONAL	FINNISH_LD_REQUIRED	FINNISH_LD_SENSITIVITY_REQUIRED
TIER C2	CAT-T2D	False	17	17299591	18446092	0.0002213939581042	0.0008228868786915	CAT-T2D|chr17|rs75035298	rs75035298	17473014.0	2.71988e-06	0.0079444378842691	0.0444686	0.0601	0.00267256286	DIRECTION_CONCORDANT	2	CONDITIONAL	FINNISH_LD_REQUIRED	FINNISH_LD_SENSITIVITY_REQUIRED
TIER C2	CAT-T2D	False	17	46828412	48027295	0.0002228325466513	0.0314731563032679	CAT-T2D|chr17|rs1057902	rs1057902	47005588.0	1.12334e-07	0.0006022075263406	0.019363	0.0462	0.0008945705999999999	DIRECTION_CONCORDANT	1	CONDITIONAL	FINNISH_LD_REQUIRED	FINNISH_LD_SENSITIVITY_REQUIRED
TIER L	AMD-PD	False	2	68871710	70753882	-0.0005998845136309	0.0237098987773341	NA	NA							NO_INDEPENDENT_PLACO_LOCUS	0	NOT_APPLICABLE	NOT_APPLICABLE	NO
TIER L	CAT-CAD	False	7	98152191	100555361	0.0001082123379972	0.0314731563032679	NA	NA							NO_INDEPENDENT_PLACO_LOCUS	0	NOT_APPLICABLE	NOT_APPLICABLE	NO
TIER L	POAG-CKD	True	1	154547292	156334116	0.0003302425462261	0.0472529339623195	NA	NA							NO_INDEPENDENT_PLACO_LOCUS	0	NOT_APPLICABLE	NOT_APPLICABLE	NO
TIER L	POAG-CKD	True	7	77102731	77953248	-0.0002961934225466	0.0381681840396337	NA	NA							NO_INDEPENDENT_PLACO_LOCUS	0	NOT_APPLICABLE	NOT_APPLICABLE	NO
TIER L	POAG-T2D	False	5	111963025	112396750	-0.0001424130227632	0.041177653681305	NA	NA							NO_INDEPENDENT_PLACO_LOCUS	0	NOT_APPLICABLE	NOT_APPLICABLE	NO
