priority_rank	pair	ocular_trait	systemic_trait	chr	start	end	region_id	rho	SE_rho	Z_rho	P	P_rho	q_atlas	q_pair	direction	tier	tier_rank
1	AMD-CAD	AMD	CAD	5	120963248	121481183	5:120963248-121481183	-0.0003562910341955	5.651179378128724e-05	-6.304719959419846	2.887154338160173e-10	2.887154338160173e-10	3.94366034897092e-06	6.536517421594633e-07	NEGATIVE	TIER1_HIDDEN_MIXED	1
2	CAT-AD	CAT	AD	1	206706419	208158787	1:206706419-208158787	-0.0002848402193571	5.158610971556123e-05	-5.521645670271902	3.3583921723340934e-08	3.3583921723340934e-08	0.0002752403888758	7.875429644123449e-05	NEGATIVE	TIER1_HIDDEN_MIXED	2
3	AMD-CAD	AMD	CAD	12	110112932	113027651	12:110112932-113027651	0.0006148989548753	0.0001182603487219	5.199536121114976	1.997865008981876e-07	1.997865008981876e-07	0.0010233564042257	0.0002261583190167	POSITIVE	TIER1_HIDDEN_MIXED	3
4	AMD-CAD	AMD	CAD	7	98152191	100555361	7:98152191-100555361	-0.0003931385560226	7.80248611435468e-05	-5.038631921424641	4.688711944586995e-07	4.688711944586995e-07	0.0019213403806528	0.0003538414614181	NEGATIVE	TIER1_HIDDEN_MIXED	4
5	AMD-T2D	AMD	T2D	4	103388441	104802530	4:103388441-104802530	0.0004845007260895	9.8616166414304e-05	4.912994934867237	8.969559502442232e-07	8.969559502442232e-07	0.0028273431483929	0.0020298113154026	POSITIVE	TIER1_HIDDEN_MIXED	5
6	AMD-CAD	AMD	CAD	16	74730819	75517115	16:74730819-75517115	0.000652618425972	0.0001360179753795	4.798030731974659	1.602331983473928e-06	1.602331983473928e-06	0.0044438131494795	0.0009069199026462	POSITIVE	TIER1_HIDDEN_MIXED	6
7	AMD-STROKE	AMD	STROKE	17	3426133	4321755	17:3426133-4321755	-0.0005152675087054	0.0001074590854316	-4.795011111768961	1.626658139542996e-06	1.626658139542996e-06	0.0044438131494795	0.0036811273697858	NEGATIVE	TIER1_HIDDEN_MIXED	7
8	CAT-AD	CAT	AD	11	59620206	61870732	11:59620206-61870732	-0.0002600201408	5.515789417167621e-05	-4.714105654409144	2.4277467720154066e-06	2.4277467720154066e-06	0.0062177629514779	0.002846533090188	NEGATIVE	TIER1_HIDDEN_MIXED	8
9	AMD-CKD	AMD	CKD	7	104158491	105425027	7:104158491-105425027	-0.0004883119291701	0.0001065147421692	-4.584453937785892	4.551744122535713e-06	4.551744122535713e-06	0.0109718453325452	0.0103005969492983	NEGATIVE	TIER1_HIDDEN_MIXED	9
10	AMD-CKD	AMD	CKD	12	110112932	113027651	12:110112932-113027651	0.0004688619412696	0.0001058090031468	4.431210268740603	9.370565782294758e-06	9.370565782294758e-06	0.0196335024289898	0.0106027951826665	POSITIVE	TIER1_HIDDEN_MIXED	10
11	CAT-STROKE	CAT	STROKE	17	17299591	18446092	17:17299591-18446092	0.0001787233093715	4.039382806482424e-05	4.424520228305271	9.665684731057544e-06	9.665684731057544e-06	0.0196335024289898	0.013240404196863	POSITIVE	TIER1_HIDDEN_MIXED	11
12	AMD-STROKE	AMD	STROKE	12	110112932	113027651	12:110112932-113027651	0.0006560101076822	0.0001485582037035	4.41584571789374	1.0061583069178276e-05	1.0061583069178276e-05	0.0196335024289898	0.0113846812427752	POSITIVE	TIER1_HIDDEN_MIXED	12
13	CAT-STROKE	CAT	STROKE	10	12799286	13718384	10:12799286-13718384	-0.0002443768914323	5.5757131176327696e-05	-4.382881369191622	1.1711989559365834e-05	1.1711989559365834e-05	0.0205537196823386	0.013240404196863	NEGATIVE	TIER1_HIDDEN_MIXED	13
14	AMD-T2D	AMD	T2D	17	3426133	4321755	17:3426133-4321755	-0.0006867881247124	0.0001585447744415	-4.331824414469216	1.4787885448332943e-05	1.4787885448332943e-05	0.0233068449962225	0.0122155137853954	NEGATIVE	TIER1_HIDDEN_MIXED	14
15	AMD-T2D	AMD	T2D	5	73508509	75240469	5:73508509-75240469	0.0005999634302436	0.0001406729411805	4.264952628476692	1.999446192111661e-05	1.999446192111661e-05	0.0264300987291456	0.0122155137853954	POSITIVE	TIER1_HIDDEN_MIXED	15
16	AMD-T2D	AMD	T2D	7	104158491	105425027	7:104158491-105425027	0.0005962144578605	0.0001403596863695	4.247761399885374	2.159171681024379e-05	2.159171681024379e-05	0.0268116779227324	0.0122155137853954	POSITIVE	TIER1_HIDDEN_MIXED	16
17	AMD-T2D	AMD	T2D	2	43309247	44048346	2:43309247-44048346	-0.0006783499484874	0.0001618198690399	-4.192006534871193	2.764980298983956e-05	2.764980298983956e-05	0.0314731563032679	0.0125143008332013	NEGATIVE	TIER1_HIDDEN_MIXED	17
18	POAG-CKD	POAG	CKD	7	77102731	77953248	7:77102731-77953248	-0.0002961934225466	7.161947316002928e-05	-4.135654864212337	3.53943821930324e-05	3.53943821930324e-05	0.0381681840396337	0.038990860138523	NEGATIVE	TIER1_HIDDEN_MIXED	18
19	CAT-AD	CAT	AD	7	98152191	100555361	7:98152191-100555361	-0.0001423302020509	3.451651259845421e-05	-4.123539469548674	3.730944928345874e-05	3.730944928345874e-05	0.0392017080189121	0.0248776123115594	NEGATIVE	TIER1_HIDDEN_MIXED	19
20	POAG-CKD	POAG	CKD	4	142808503	145021868	4:142808503-145021868	-0.0003252435019551	8.029299709002872e-05	-4.050708202988362	5.106285200692275e-05	5.106285200692275e-05	0.0472529339623195	0.038990860138523	NEGATIVE	TIER1_HIDDEN_MIXED	20
21	POAG-CKD	POAG	CKD	1	154547292	156334116	1:154547292-156334116	0.0003302425462261	8.158666616007295e-05	4.04775144970582	5.171201609883693e-05	5.171201609883693e-05	0.0472529339623195	0.038990860138523	POSITIVE	TIER1_HIDDEN_MIXED	21
22	CAT-AD	CAT	AD	2	26894589	28597305	2:26894589-28597305	0.0001155461760498	2.857850671996421e-05	4.043114539958885	5.2745837231481874e-05	5.2745837231481874e-05	0.0472529339623195	0.0248776123115594	POSITIVE	TIER1_HIDDEN_MIXED	22
23	CAT-AD	CAT	AD	2	202830132	204814896	2:202830132-204814896	0.0001276638548397	3.158594243577907e-05	4.041793437041422	5.304394949159796e-05	5.304394949159796e-05	0.0472529339623195	0.0248776123115594	POSITIVE	TIER1_HIDDEN_MIXED	23
24	CAT-CAD	CAT	CAD	11	110702636	111981853	11:110702636-111981853	0.0001328932334462	2.468535836767474e-05	5.383484066418195	7.305771740181531e-08	7.305771740181531e-08	0.0004989598572819	0.0001653296144803	POSITIVE	TIER2_GLOBAL_LOCAL_CONCORDANT	1
25	CAT-CAD	CAT	CAD	1	175385076	176416712	1:175385076-176416712	0.000104141607862	2.277913208617152e-05	4.571798761605189	4.835552212060869e-06	4.835552212060869e-06	0.0110084032525461	0.0054714273279468	POSITIVE	TIER2_GLOBAL_LOCAL_CONCORDANT	2
26	CAT-CAD	CAT	CAD	16	74730819	75517115	16:74730819-75517115	0.0001129640486781	2.6196037440445128e-05	4.31225710892023	1.615963624290705e-05	1.615963624290705e-05	0.0237098987773341	0.0121897522725662	POSITIVE	TIER2_GLOBAL_LOCAL_CONCORDANT	3
27	CAT-CAD	CAT	CAD	7	98152191	100555361	7:98152191-100555361	0.0001082123379972	2.5797391767481344e-05	4.1947007268233225	2.732320983783748e-05	2.732320983783748e-05	0.0314731563032679	0.0154581059657565	POSITIVE	TIER2_GLOBAL_LOCAL_CONCORDANT	4
28	POAG-CAD	POAG	CAD	17	1481897	2613925	17:1481897-2613925	-0.0006007450401361	8.000546463958235e-05	-7.508800090623861	5.967176616041336e-14	5.967176616041336e-14	2.4452296337214182e-09	1.3509687858717584e-10	NEGATIVE	TIER3_OTHER	1
29	CAT-PD	CAT	PD	17	14860784	16319512	17:14860784-16319512	-0.0004103230473073	6.415672248043504e-05	-6.395636052518586	1.5988040922255562e-10	1.5988040922255562e-10	3.275789704560942e-06	3.616494856614208e-07	NEGATIVE	TIER3_OTHER	2
30	CAT-T2D	CAT	T2D	4	5971634	7135912	4:5971634-7135912	0.0003972937806551	6.624903365102798e-05	5.996974729440981	2.010273288601159e-09	2.010273288601159e-09	2.0594244705074573e-05	4.7140908617697176e-06	POSITIVE	TIER3_OTHER	3
31	CAT-T2D	CAT	T2D	17	17299591	18446092	17:17299591-18446092	0.0002213939581042	4.205409596245898e-05	5.264504040268393	1.4056830862513236e-07	1.4056830862513236e-07	0.0008228868786915	0.0001648163418629	POSITIVE	TIER3_OTHER	4
32	POAG-STROKE	POAG	STROKE	4	142808503	145021868	4:142808503-145021868	-0.0003809013220984	7.501993550682425e-05	-5.07733470476992	3.827662494948683e-07	3.827662494948683e-07	0.0017427772635334	0.0008673483213553	NEGATIVE	TIER3_OTHER	5
33	CAT-CKD	CAT	CKD	17	17299591	18446092	17:17299591-18446092	-0.0001709140077804	3.432578445440515e-05	-4.979172668505934	6.385665379867472e-07	6.385665379867472e-07	0.0023788345085109	0.0014967999650409	NEGATIVE	TIER3_OTHER	6
34	CAT-T2D	CAT	T2D	22	44317416	44818986	22:44317416-44818986	-0.0002150881090289	4.337917224465674e-05	-4.958326724535266	7.110291472129629e-07	7.110291472129629e-07	0.0024280460328743	0.0005557877834047	NEGATIVE	TIER3_OTHER	7
35	AMD-PD	AMD	PD	7	104158491	105425027	7:104158491-105425027	-0.0004907398412209	0.0001116077338729	-4.397005692989024	1.097544673549841e-05	1.097544673549841e-05	0.0204432661966933	0.0189272657714245	NEGATIVE	TIER3_OTHER	8
36	POAG-CAD	POAG	CAD	16	74730819	75517115	16:74730819-75517115	-0.0002679344383509	6.131214089326865e-05	-4.370006240971371	1.2424298556592871e-05	1.2424298556592871e-05	0.0205537196823386	0.010845802310977	NEGATIVE	TIER3_OTHER	9
37	POAG-T2D	POAG	T2D	16	60291	596605	16:60291-596605	-0.000228479108544	5.230759984944927e-05	-4.367990678249512	1.2539484407693568e-05	1.2539484407693568e-05	0.0205537196823386	0.0235751493562618	NEGATIVE	TIER3_OTHER	10
38	AMD-PD	AMD	PD	2	68871710	70753882	2:68871710-70753882	-0.0005998845136309	0.0001393584376051	-4.304615665472289	1.672758795530234e-05	1.672758795530234e-05	0.0237098987773341	0.0189272657714245	NEGATIVE	TIER3_OTHER	11
39	POAG-CAD	POAG	CAD	7	1493090	2479029	7:1493090-2479029	-0.0002053348962016	4.770869057519428e-05	-4.303930661814519	1.6779419799470227e-05	1.6779419799470227e-05	0.0237098987773341	0.010845802310977	NEGATIVE	TIER3_OTHER	12
40	POAG-CAD	POAG	CAD	10	99554895	100240681	10:99554895-100240681	-0.0001791143295676	4.190361955036389e-05	-4.274435752556478	1.916219489571908e-05	1.916219489571908e-05	0.0261742807478925	0.010845802310977	NEGATIVE	TIER3_OTHER	13
41	POAG-T2D	POAG	T2D	9	125545194	126926376	9:125545194-126926376	-0.0003856203292119	9.06116864809502e-05	-4.255746076340507	2.083530654552527e-05	2.083530654552527e-05	0.0266809122382042	0.0235751493562618	NEGATIVE	TIER3_OTHER	14
42	CAT-T2D	CAT	T2D	17	46828412	48027295	17:46828412-48027295	0.0002228325466513	5.303188850114406e-05	4.2018595405383845	2.6473137923746302e-05	2.6473137923746302e-05	0.0314731563032679	0.0144784412694396	POSITIVE	TIER3_OTHER	15
43	CAT-T2D	CAT	T2D	2	43309247	44048346	2:43309247-44048346	-0.0001797901249829	4.314674646880475e-05	-4.166945127899479	3.087087690712068e-05	3.087087690712068e-05	0.0341899133486484	0.0144784412694396	NEGATIVE	TIER3_OTHER	16
44	POAG-T2D	POAG	T2D	5	111963025	112396750	5:111963025-112396750	-0.0001424130227632	3.4681114758879824e-05	-4.10635655033944	4.0194888653721513e-05	4.0194888653721513e-05	0.041177653681305	0.0303203443411239	NEGATIVE	TIER3_OTHER	17
45	CAT-T2D	CAT	T2D	4	103388441	104802530	4:103388441-104802530	0.0001431518936158	3.540749325365717e-05	4.04298300899949	5.2775446412774126e-05	5.2775446412774126e-05	0.0472529339623195	0.0176811396557021	POSITIVE	TIER3_OTHER	18
46	CAT-T2D	CAT	T2D	4	94230511	95596188	4:94230511-95596188	-0.0001375879505063	3.403144807850664e-05	-4.042964912597912	5.277952136030489e-05	5.277952136030489e-05	0.0472529339623195	0.0176811396557021	NEGATIVE	TIER3_OTHER	19
