trait	dataset	source	phenotype_definition	ancestry	build	N	N_case	N_control	primary_or_sensitivity	checksum	source_path	publication	notes
AMD	AMD_LIFTOVER_GRCh37	http://eaglep.case.edu/iamdgc_web-2/wp-content/uploads/2018/01/IAMDGC_lateAMD_related_EUR_annotated.zip	IAMDGC 2.0 European late/advanced AMD; corrected GRCh37 liftover reconstruction	European	GRCh37	32339	15616	16723	primary	50fbc7c4e93b36ae02fb2ce01e4b9fe4c40cd3542f9dad91c7a6b9cc9cdae5aa	data/harmonized/phase0R/AMD_LIFTOVER_GRCh37.tsv.gz	Gorski et al., IOVS 2025; IAMDGC 2.0	Primary corrected AMD input from Phase 0R. Original GRCh38 archive, broad FinnGen AMD, and Winkler early AMD are not used as primary replacements.
POAG	GCST90011766_EUR_stage1	https://ftp.ebi.ac.uk/pub/databases/gwas/summary_statistics/GCST90011001-GCST90012000/GCST90011766/GCST90011766_buildGRCh37.tsv.gz	Primary open-angle glaucoma, European stage-1 fixed-effect meta-analysis	European	GRCh37	216257	16677	199580	primary	2056252e5b2534ee27cebcb3b7ed59f011fcaa5369215b2797676b58318bab05	data/raw/POAG_GCST90011766_GRCh37.tsv.gz	Gharahkhani et al., Nature Communications 2021	Full beta/SE summary statistics; UK Biobank contribution is possible and is retained as a sample-overlap caution.
CAT	FinnGen_R10_H7_CATARACTSENILE	https://storage.googleapis.com/finngen-public-data-r10/summary_stats/finngen_R10_H7_CATARACTSENILE.gz	Senile cataract, FinnGen R10 endpoint H7_CATARACTSENILE	Finnish-European	GRCh38	429209	65235	363974	primary	356e08ed062b69951c1b5f47983f14720c1a872f7cae04ed5c4457c6d708fde3	data/raw/CAT_FinnGen_R10_H7_CATARACTSENILE.gz	FinnGen R10 endpoint H7_CATARACTSENILE	Finnish-European source; population-specific genetic-background caution retained.
CAD	GCST90132314_EUR_primary_discovery	https://ftp.ebi.ac.uk/pub/databases/gwas/summary_statistics/GCST90132001-GCST90133000/GCST90132314/GCST90132314_buildGRCh37.tsv	Coronary artery disease, primary European discovery meta-analysis	European/NR	GRCh37	1165690	181522	984168	primary	90d3ef0a4a3783e374e35ae341383cf3df96b114d236299c366eb50c08695e97	data/raw/CAD_GCST90132314_GRCh37.tsv	Aragam et al., Nature Genetics 2022	UK Biobank is explicitly included; overlap with other biobank-heavy traits remains possible.
STROKE	GCST90104540_EUR_GIGASTROKE_AIS	https://ftp.ebi.ac.uk/pub/databases/gwas/summary_statistics/GCST90104001-GCST90105000/GCST90104540/GCST90104540_buildGRCh37.tsv.gz	Any ischemic stroke / acute ischemic stroke, GIGASTROKE summary statistics	Predominantly European	GRCh37	1296908	62100	1234808	primary	e5d9809b608650e36a2808ca27bbb9de5b883ff9661d6d6056d02b3f792eacc0	data/raw/STROKE_GCST90104540_GRCh37.tsv.gz	GIGASTROKE consortium; GCST90104540	Predominantly European rather than strictly homogeneous European ancestry.
T2D	DIAMANTE_EUR_2022	https://personal.broadinstitute.org/ryank/DIAMANTE.sumstats.zip	Type 2 diabetes, DIAMANTE European 2022 summary statistics	European	GRCh37	933970	80154	853816	primary	dd90b10944597978c6f79abb0462caec93d1735a01f5a9307ee2bc8d575223a4	data/raw/T2D_DIAMANTE.sumstats.zip	Mahajan et al., Nature Genetics 2022; DIAMANTE	EUR member extracted from the downloaded archive; consortium-level sample overlap remains possible.
CKD	CKDGen_Wuttke2019_EA	https://ckdgen.imbi.uni-freiburg.de/files/Wuttke2019/CKD_overall_EA_JW_20180223_nstud23.dbgap.txt.gz	Chronic kidney disease overall dichotomous endpoint	European ancestry	GRCh37	480698	41395	439303	primary	b85044c66339630a6d7095dd6f4feb6c917cb69f2fd1842a16720afb013dfd6f	data/raw/CKD_CKDGen_Wuttke2019_EA.txt.gz	Wuttke et al., Nature Genetics 2019	CKDGen European-ancestry overall endpoint.
AD	GCST90027158_EUR_Bellenguez2022	https://ftp.ebi.ac.uk/pub/databases/gwas/summary_statistics/GCST90027001-GCST90028000/GCST90027158/GCST90027158_buildGRCh38.tsv.gz	Alzheimer disease, EADB European subset with clinical and proxy cases	European	GRCh38	487511	85934	401577	primary	013134d22a2a0c2dd0cb683192d0c109da1aec83ba54d94a837a8b71bcbc4a1f	data/raw/AD_GCST90027158_GRCh38.tsv.gz	Bellenguez et al., Nature Genetics 2022	Public EADB subset; proxy-case component and UK Biobank overlap are explicitly retained as limitations.
PD	GCST009325_EUR_Nalls2019	https://ftp.ebi.ac.uk/pub/databases/gwas/summary_statistics/GCST009001-GCST010000/GCST009325/GCST009325.tsv	Parkinson disease including proxy/family-history component	European	GRCh37	482730	33674	449056	primary	409b9151871aafb5f6fe9acf0287fe9f5df448eda255d06b9d55b81ac8e68eeb	data/raw/PD_GCST009325_GRCh37.tsv	Nalls et al., Nature Genetics 2019	OpenGWAS/Catalog phenotype includes proxy cases; possible UK Biobank overlap remains a caution.
