pair	hidden_mixed_pair	chr	lead_SNP	lead_BP	locus_start	locus_end	SUPERGNOVA_region	SUPERGNOVA_rho	SUPERGNOVA_q	PLACO_P	PLACO_level	beta_ocular	beta_systemic	effect_product	direction_class	fine_mapping_status	PLACO_locus_id
AMD-CAD	True	12	rs848132	111989979	111489979	112489979	12:110112932-113027651	0.0006148989548753	0.0010233564042257	1.38906742293321e-13	LEVEL_A_ATLAS_STRINGENT	-0.107395	-0.04720425	0.00506950042875	POSITIVE_DIRECTION_CONCORDANT	CONDITIONAL	AMD-CAD|chr12|rs848132
AMD-CAD	True	12	rs7311681	112817847	112317847	113317847	12:110112932-113027651	0.0006148989548753	0.0010233564042257	2.5273531844979e-09	LEVEL_A_ATLAS_STRINGENT	-0.104678	-0.03570524	0.00373755311272	POSITIVE_DIRECTION_CONCORDANT	CONDITIONAL	AMD-CAD|chr12|rs7311681
AMD-CAD	True	12	rs4766453	111692124	111192124	112192124	12:110112932-113027651	0.0006148989548753	0.0010233564042257	7.19930878673286e-06	LEVEL_C_ATLAS_FDR	-0.0591827	-0.03134834	0.001855279401718	POSITIVE_DIRECTION_CONCORDANT	CONDITIONAL	AMD-CAD|chr12|rs4766453
AMD-CAD	True	12	rs12828640	111361298	110861298	111861298	12:110112932-113027651	0.0006148989548753	0.0010233564042257	1.39880437737589e-05	LEVEL_C_ATLAS_FDR	-0.0407483	-0.03052014	0.001243643820762	POSITIVE_DIRECTION_CONCORDANT	CONDITIONAL	AMD-CAD|chr12|rs12828640
AMD-CAD	True	16	rs7202877	75247245	74747245	75747245	16:74730819-75517115	0.000652618425972	0.0044438131494795	4.1243065575140397e-16	LEVEL_A_ATLAS_STRINGENT	-0.198139	-0.05863281	0.01161744634059	POSITIVE_DIRECTION_CONCORDANT	CONDITIONAL	AMD-CAD|chr16|rs7202877
AMD-CAD	True	16	rs4888432	75510973	75010973	76010973	16:74730819-75517115	0.000652618425972	0.0044438131494795	3.65010341254713e-06	LEVEL_C_ATLAS_FDR	0.0443987	0.03052072	0.001355080291064	POSITIVE_DIRECTION_CONCORDANT	CONDITIONAL	AMD-CAD|chr16|rs4888432
AMD-CAD	True	5	rs11241627	121273302	120773302	121773302	5:120963248-121481183	-0.0003562910341955	3.94366034897092e-06	1.32728700865327e-10	LEVEL_A_ATLAS_STRINGENT	0.116362	-0.03729699	-0.00433995235038	NEGATIVE_DIRECTION_CONCORDANT	CONDITIONAL	AMD-CAD|chr5|rs11241627
AMD-CAD	True	7	rs1133790	99632982	99132982	100132982	7:98152191-100555361	-0.0003931385560226	0.0019213403806528	3.07308593618217e-07	LEVEL_C_ATLAS_FDR	0.0852516	-0.0223236	-0.0019031226177599998	NEGATIVE_DIRECTION_CONCORDANT	CONDITIONAL	AMD-CAD|chr7|rs1133790
AMD-CKD	True	12	rs653178	112007756	111507756	112507756	12:110112932-113027651	0.0004688619412696	0.0196335024289898	3.17358983950081e-07	LEVEL_C_ATLAS_FDR	-0.0679116	-0.039	0.0026485524	POSITIVE_DIRECTION_CONCORDANT	CONDITIONAL	AMD-CKD|chr12|rs653178
AMD-CKD	True	7	rs6966728	104618318	104118318	105118318	7:104158491-105425027	-0.0004883119291701	0.0109718453325452	3.78156943782444e-07	LEVEL_C_ATLAS_FDR	0.120403	-0.0215	-0.0025886645	NEGATIVE_DIRECTION_CONCORDANT	CONDITIONAL	AMD-CKD|chr7|rs6966728
AMD-PD	False	7	rs2097942	104725105	104225105	105225105	7:104158491-105425027	-0.0004907398412209	0.0204432661966933	3.2712112678881e-07	LEVEL_C_ATLAS_FDR	0.117295	-0.054	-0.00633393	NEGATIVE_DIRECTION_CONCORDANT	CONDITIONAL	AMD-PD|chr7|rs2097942
AMD-STROKE	True	12	rs653178	112007756	111507756	112507756	12:110112932-113027651	0.0006560101076822	0.0196335024289898	9.41040564028567e-13	LEVEL_A_ATLAS_STRINGENT	-0.0679116	-0.0568	0.0038573788800000002	POSITIVE_DIRECTION_CONCORDANT	CONDITIONAL	AMD-STROKE|chr12|rs653178
AMD-STROKE	True	12	rs7311681	112817847	112317847	113317847	12:110112932-113027651	0.0006560101076822	0.0196335024289898	8.71362730955777e-09	LEVEL_B_PAIRWISE_GWAS	-0.104678	-0.0438	0.0045848964	POSITIVE_DIRECTION_CONCORDANT	CONDITIONAL	AMD-STROKE|chr12|rs7311681
AMD-STROKE	True	12	rs4378452	111504033	111004033	112004033	12:110112932-113027651	0.0006560101076822	0.0196335024289898	1.07628896695182e-05	LEVEL_C_ATLAS_FDR	0.0414411	0.0464	0.00192286704	POSITIVE_DIRECTION_CONCORDANT	CONDITIONAL	AMD-STROKE|chr12|rs4378452
AMD-STROKE	True	17	rs2727074	3994670	3494670	4494670	17:3426133-4321755	-0.0005152675087054	0.0044438131494795	1.56466371876842e-06	LEVEL_C_ATLAS_FDR	0.0596245	-0.0339	-0.00202127055	NEGATIVE_DIRECTION_CONCORDANT	CONDITIONAL	AMD-STROKE|chr17|rs2727074
AMD-T2D	True	17	rs2278524	4081975	3581975	4581975	17:3426133-4321755	-0.0006867881247124	0.0233068449962225	1.05735693459507e-08	LEVEL_B_PAIRWISE_GWAS	-0.0643844	0.0501	-0.0032256584399999997	NEGATIVE_DIRECTION_CONCORDANT	CONDITIONAL	AMD-T2D|chr17|rs2278524
AMD-T2D	True	17	rs1076902	3828822	3328822	4328822	17:3426133-4321755	-0.0006867881247124	0.0233068449962225	4.47666483509893e-06	LEVEL_C_ATLAS_FDR	-0.0987442	0.0549	-0.00542105658	NEGATIVE_DIRECTION_CONCORDANT	CONDITIONAL	AMD-T2D|chr17|rs1076902
AMD-T2D	True	2	rs1549723	43460514	42960514	43960514	2:43309247-44048346	-0.0006783499484874	0.0314731563032679	3.81016768163225e-08	LEVEL_B_PAIRWISE_GWAS	0.0699072	-0.0581	-0.00406160832	NEGATIVE_DIRECTION_CONCORDANT	CONDITIONAL	AMD-T2D|chr2|rs1549723
AMD-T2D	True	2	rs6722743	43095988	42595988	43595988	2:43309247-44048346	-0.0006783499484874	0.0314731563032679	8.80646187906747e-07	LEVEL_C_ATLAS_FDR	-0.0790683	0.0279	-0.00220600557	NEGATIVE_DIRECTION_CONCORDANT	CONDITIONAL	AMD-T2D|chr2|rs6722743
AMD-T2D	True	2	rs6544658	43652117	43152117	44152117	2:43309247-44048346	-0.0006783499484874	0.0314731563032679	1.61168358780008e-05	LEVEL_C_ATLAS_FDR	0.0389886	-0.0423	-0.0016492177799999998	NEGATIVE_DIRECTION_CONCORDANT	CONDITIONAL	AMD-T2D|chr2|rs6544658
AMD-T2D	True	2	rs11904510	43797710	43297710	44297710	2:43309247-44048346	-0.0006783499484874	0.0314731563032679	3.17213619725088e-05	LEVEL_C_ATLAS_FDR	0.0422936	-0.04	-0.001691744	NEGATIVE_DIRECTION_CONCORDANT	CONDITIONAL	AMD-T2D|chr2|rs11904510
AMD-T2D	True	4	rs11734396	104022110	103522110	104522110	4:103388441-104802530	0.0004845007260895	0.0028273431483929	3.00038526070077e-07	LEVEL_C_ATLAS_FDR	-0.0832795	-0.0405	0.0033728197500000005	POSITIVE_DIRECTION_CONCORDANT	CONDITIONAL	AMD-T2D|chr4|rs11734396
AMD-T2D	True	5	rs34358	74965122	74465122	75465122	5:73508509-75240469	0.0005999634302436	0.0264300987291456	5.44313347851341e-09	LEVEL_B_PAIRWISE_GWAS	0.0662086	0.0463	0.0030654581800000002	POSITIVE_DIRECTION_CONCORDANT	CONDITIONAL	AMD-T2D|chr5|rs34358
AMD-T2D	True	7	rs7776707	104605530	104105530	105105530	7:104158491-105425027	0.0005962144578605	0.0268116779227324	5.91757805840331e-08	LEVEL_C_ATLAS_FDR	0.115597	0.0231	0.0026702907	POSITIVE_DIRECTION_CONCORDANT	CONDITIONAL	AMD-T2D|chr7|rs7776707
AMD-T2D	True	7	rs4460308	104420060	103920060	104920060	7:104158491-105425027	0.0005962144578605	0.0268116779227324	6.93264988342342e-06	LEVEL_C_ATLAS_FDR	0.0643744	0.0287	0.0018475452799999999	POSITIVE_DIRECTION_CONCORDANT	CONDITIONAL	AMD-T2D|chr7|rs4460308
CAT-AD	True	1	rs34626131	207880977	207380977	208380977	1:206706419-208158787	-0.0002848402193571	0.0002752403888758	2.6898481937111204e-09	LEVEL_A_ATLAS_STRINGENT	0.0396022	-0.0438	-0.00173457636	NEGATIVE_DIRECTION_CONCORDANT	CONDITIONAL	CAT-AD|chr1|rs34626131
CAT-AD	True	1	rs200114063	207385580	206885580	207885580	1:206706419-208158787	-0.0002848402193571	0.0002752403888758	4.86190775033034e-07	LEVEL_C_ATLAS_FDR	-0.0335474	0.0305	-0.0010231957	NEGATIVE_DIRECTION_CONCORDANT	CONDITIONAL	CAT-AD|chr1|rs200114063
CAT-AD	True	11	rs558678	59852113	59352113	60352113	11:59620206-61870732	-0.0002600201408	0.0062177629514779	1.5264216092578e-10	LEVEL_A_ATLAS_STRINGENT	0.0293797	-0.0661	-0.0019419981700000003	NEGATIVE_DIRECTION_CONCORDANT	CONDITIONAL	CAT-AD|chr11|rs558678
CAT-AD	True	11	rs76834192	59766312	59266312	60266312	11:59620206-61870732	-0.0002600201408	0.0062177629514779	1.00215912958848e-05	LEVEL_C_ATLAS_FDR	-0.0378621	0.074	-0.0028017954	NEGATIVE_DIRECTION_CONCORDANT	CONDITIONAL	CAT-AD|chr11|rs76834192
CAT-AD	True	11	rs4939330	60049407	59549407	60549407	11:59620206-61870732	-0.0002600201408	0.0062177629514779	1.45481865897526e-05	LEVEL_C_ATLAS_FDR	0.0257545	-0.0479	-0.00123364055	NEGATIVE_DIRECTION_CONCORDANT	CONDITIONAL	CAT-AD|chr11|rs4939330
CAT-AD	True	2	rs140750546	203863736	203363736	204363736	2:202830132-204814896	0.0001276638548397	0.0472529339623195	4.11609024085731e-07	LEVEL_C_ATLAS_FDR	-0.0378571	-0.0606	0.00229414026	POSITIVE_DIRECTION_CONCORDANT	CONDITIONAL	CAT-AD|chr2|rs140750546
CAT-AD	True	2	rs10209020	27980944	27480944	28480944	2:26894589-28597305	0.0001155461760498	0.0472529339623195	2.1964002896651e-05	LEVEL_C_ATLAS_FDR	0.0276411	0.0306	0.0008458176599999999	POSITIVE_DIRECTION_CONCORDANT	CONDITIONAL	CAT-AD|chr2|rs10209020
CAT-AD	True	7	rs1617502	99809835	99309835	100309835	7:98152191-100555361	-0.0001423302020509	0.0392017080189121	3.19678538664518e-06	LEVEL_C_ATLAS_FDR	-0.0178238	0.0555	-0.0009892209	NEGATIVE_DIRECTION_CONCORDANT	CONDITIONAL	CAT-AD|chr7|rs1617502
CAT-CAD	False	1	rs2938154	176385265	175885265	176885265	1:175385076-176416712	0.000104141607862	0.0110084032525461	1.28888794265826e-06	LEVEL_C_ATLAS_FDR	0.0312359	0.01898643	0.000593058228837	POSITIVE_DIRECTION_CONCORDANT	CONDITIONAL	CAT-CAD|chr1|rs2938154
CAT-CAD	False	11	rs10502145	111525069	111025069	112025069	11:110702636-111981853	0.0001328932334462	0.0004989598572819	5.08731851657513e-07	LEVEL_C_ATLAS_FDR	-0.0332917	-0.01960138	0.000652563262546	POSITIVE_DIRECTION_CONCORDANT	CONDITIONAL	CAT-CAD|chr11|rs10502145
CAT-CAD	False	16	rs3851734	75371920	74871920	75871920	16:74730819-75517115	0.0001129640486781	0.0237098987773341	1.21225210307653e-06	LEVEL_C_ATLAS_FDR	0.0139965	0.04327552	0.00060570581568	POSITIVE_DIRECTION_CONCORDANT	CONDITIONAL	CAT-CAD|chr16|rs3851734
CAT-CKD	False	17	rs12936927	17726965	17226965	18226965	17:17299591-18446092	-0.0001709140077804	0.0023788345085109	1.78939505238639e-06	LEVEL_C_ATLAS_FDR	-0.0340341	0.0348	-0.0011843866799999998	NEGATIVE_DIRECTION_CONCORDANT	CONDITIONAL	CAT-CKD|chr17|rs12936927
CAT-PD	False	17	rs4566208	16010920	15510920	16510920	17:14860784-16319512	-0.0004103230473073	3.275789704560942e-06	3.6285225458341e-11	LEVEL_A_ATLAS_STRINGENT	0.0349106	-0.0957	-0.00334094442	NEGATIVE_DIRECTION_CONCORDANT	CONDITIONAL	CAT-PD|chr17|rs4566208
CAT-STROKE	True	10	rs4750356	13480789	12980789	13980789	10:12799286-13718384	-0.0002443768914323	0.0205537196823386	2.23671465083332e-06	LEVEL_C_ATLAS_FDR	-0.0289314	0.0254	-0.0007348575599999999	NEGATIVE_DIRECTION_CONCORDANT	CONDITIONAL	CAT-STROKE|chr10|rs4750356
CAT-STROKE	True	17	rs11870660	17877096	17377096	18377096	17:17299591-18446092	0.0001787233093715	0.0196335024289898	3.9596241897960105e-09	LEVEL_B_PAIRWISE_GWAS	0.0345989	0.0327	0.0011313840300000001	POSITIVE_DIRECTION_CONCORDANT	CONDITIONAL	CAT-STROKE|chr17|rs11870660
CAT-T2D	False	17	rs8079321	17760789	17260789	18260789	17:17299591-18446092	0.0002213939581042	0.0008228868786915	1.19080218379089e-10	LEVEL_A_ATLAS_STRINGENT	-0.0364373	-0.0377	0.0013736862099999999	POSITIVE_DIRECTION_CONCORDANT	CONDITIONAL	CAT-T2D|chr17|rs8079321
CAT-T2D	False	17	rs1057902	47005588	46505588	47505588	17:46828412-48027295	0.0002228325466513	0.0314731563032679	1.12333714061559e-07	LEVEL_C_ATLAS_FDR	0.019363	0.0462	0.0008945705999999999	POSITIVE_DIRECTION_CONCORDANT	CONDITIONAL	CAT-T2D|chr17|rs1057902
CAT-T2D	False	17	rs75035298	17473014	16973014	17973014	17:17299591-18446092	0.0002213939581042	0.0008228868786915	2.71988150094006e-06	LEVEL_C_ATLAS_FDR	0.0444686	0.0601	0.00267256286	POSITIVE_DIRECTION_CONCORDANT	CONDITIONAL	CAT-T2D|chr17|rs75035298
CAT-T2D	False	2	rs72790940	43768545	43268545	44268545	2:43309247-44048346	-0.0001797901249829	0.0341899133486484	1.21811694231956e-06	LEVEL_C_ATLAS_FDR	0.0224994	-0.0806	-0.00181345164	NEGATIVE_DIRECTION_CONCORDANT	CONDITIONAL	CAT-T2D|chr2|rs72790940
CAT-T2D	False	22	rs3747207	44324855	43824855	44824855	22:44317416-44818986	-0.0002150881090289	0.0024280460328743	4.9612142013704e-08	LEVEL_B_PAIRWISE_GWAS	-0.030814	0.0435	-0.0013404089999999999	NEGATIVE_DIRECTION_CONCORDANT	CONDITIONAL	CAT-T2D|chr22|rs3747207
CAT-T2D	False	4	rs62283057	6276805	5776805	6776805	4:5971634-7135912	0.0003972937806551	2.0594244705074573e-05	2.3681540458997203e-09	LEVEL_A_ATLAS_STRINGENT	-0.0275215	-0.0732	0.0020145738000000002	POSITIVE_DIRECTION_CONCORDANT	CONDITIONAL	CAT-T2D|chr4|rs62283057
CAT-T2D	False	4	rs228631	103573863	103073863	104073863	4:103388441-104802530	0.0001431518936158	0.0472529339623195	2.08422148126084e-07	LEVEL_C_ATLAS_FDR	0.0290655	0.0295	0.00085743225	POSITIVE_DIRECTION_CONCORDANT	CONDITIONAL	CAT-T2D|chr4|rs228631
CAT-T2D	False	4	rs1509946	95109078	94609078	95609078	4:94230511-95596188	-0.0001375879505063	0.0472529339623195	2.45822402040652e-07	LEVEL_C_ATLAS_FDR	0.0221912	-0.0386	-0.0008565803200000001	NEGATIVE_DIRECTION_CONCORDANT	CONDITIONAL	CAT-T2D|chr4|rs1509946
CAT-T2D	False	4	rs2269920	6323454	5823454	6823454	4:5971634-7135912	0.0003972937806551	2.0594244705074573e-05	2.17402488516715e-06	LEVEL_C_ATLAS_FDR	0.0160157	0.0555	0.0008888713500000001	POSITIVE_DIRECTION_CONCORDANT	CONDITIONAL	CAT-T2D|chr4|rs2269920
POAG-CAD	False	10	rs10883050	99943568	99443568	100443568	10:99554895-100240681	-0.0001791143295676	0.0261742807478925	1.42987528105978e-06	LEVEL_C_ATLAS_FDR	0.0448	-0.02570668	-0.001151659264	NEGATIVE_DIRECTION_CONCORDANT	CONDITIONAL	POAG-CAD|chr10|rs10883050
POAG-CAD	False	16	rs999675	75306402	74806402	75806402	16:74730819-75517115	-0.0002679344383509	0.0205537196823386	1.0425371307031001e-10	LEVEL_A_ATLAS_STRINGENT	-0.0555	0.03829592	-0.00212542356	NEGATIVE_DIRECTION_CONCORDANT	CONDITIONAL	POAG-CAD|chr16|rs999675
POAG-CAD	False	17	rs7217226	2136065	1636065	2636065	17:1481897-2613925	-0.0006007450401361	2.4452296337214182e-09	2.45846267639879e-12	LEVEL_A_ATLAS_STRINGENT	0.0547	-0.04127245	-0.002257603015	NEGATIVE_DIRECTION_CONCORDANT	CONDITIONAL	POAG-CAD|chr17|rs7217226
POAG-CAD	False	17	rs9894634	1967501	1467501	2467501	17:1481897-2613925	-0.0006007450401361	2.4452296337214182e-09	3.96091259298183e-07	LEVEL_C_ATLAS_FDR	-0.0403	0.029322	-0.0011816766000000002	NEGATIVE_DIRECTION_CONCORDANT	CONDITIONAL	POAG-CAD|chr17|rs9894634
POAG-CAD	False	7	rs10278591	1921362	1421362	2421362	7:1493090-2479029	-0.0002053348962016	0.0237098987773341	1.04601846634954e-07	LEVEL_C_ATLAS_FDR	0.0603	-0.03327771	-0.0020066459130000003	NEGATIVE_DIRECTION_CONCORDANT	CONDITIONAL	POAG-CAD|chr7|rs10278591
POAG-CKD	True	4	rs11100780	144104906	143604906	144604906	4:142808503-145021868	-0.0003252435019551	0.0472529339623195	6.40633799129661e-06	LEVEL_C_ATLAS_FDR	0.056	-0.0267	-0.0014952000000000001	NEGATIVE_DIRECTION_CONCORDANT	CONDITIONAL	POAG-CKD|chr4|rs11100780
POAG-STROKE	False	4	rs7670439	144080267	143580267	144580267	4:142808503-145021868	-0.0003809013220984	0.0017427772635334	1.30670732396507e-08	LEVEL_B_PAIRWISE_GWAS	-0.0564	0.0319	-0.0017991599999999997	NEGATIVE_DIRECTION_CONCORDANT	CONDITIONAL	POAG-STROKE|chr4|rs7670439
POAG-T2D	False	16	rs10903013	312253	1	812253	16:60291-596605	-0.000228479108544	0.0205537196823386	1.54377449441488e-05	LEVEL_C_ATLAS_FDR	-0.0342	0.0564	-0.00192888	NEGATIVE_DIRECTION_CONCORDANT	CONDITIONAL	POAG-T2D|chr16|rs10903013
POAG-T2D	False	9	rs10818834	126317324	125817324	126817324	9:125545194-126926376	-0.0003856203292119	0.0266809122382042	2.83581137824422e-06	LEVEL_C_ATLAS_FDR	0.0557	-0.0289	-0.00160973	NEGATIVE_DIRECTION_CONCORDANT	CONDITIONAL	POAG-T2D|chr9|rs10818834
