PLACO_locus_id	pair	hidden_mixed_pair	chr	lead_SNP	lead_BP	SUPERGNOVA_region	direction_class	SUPERGNOVA_q	PLACO_P	positional_priority	level1_genes	level2_genes	level3_genes	primary_mapping_genes	one_locus_one_gene	qtl_lookup_genes	qtl_lookup_status	predefined_functional_domains	domain_assignment_status	interpretation_status
AMD-CAD|chr12|rs848132	AMD-CAD	True	12	rs848132	111989979	12:110112932-113027651	POSITIVE_DIRECTION_CONCORDANT	0.0010233564042257	1.38906742293321e-13	LEVEL3			ATXN2	ATXN2	ATXN2	ADAM1B;ALDH2;FAM109A;HECTD4;LINC01405;MAPKAPK5;MAPKAPK5-AS1;NAA25;RP3-473L9.4;SH2B3;TMEM116	LOOKUP_RETURNED	RETINAL/OCULAR;VASCULAR/ENDOTHELIAL;IMMUNE/INFLAMMATORY;LIPID/METABOLIC;ECM;NEURONAL/NEURODEGENERATIVE;RENAL;OXIDATIVE/MITOCHONDRIAL	NOT_ASSIGNED_FROM_POSITIONAL_OR_XQTL_LOOKUP	DESCRIPTIVE_SUPPORT_ONLY_NO_CAUSAL_GENE_CLAIM
AMD-CAD|chr12|rs7311681	AMD-CAD	True	12	rs7311681	112817847	12:110112932-113027651	POSITIVE_DIRECTION_CONCORDANT	0.0010233564042257	2.5273531844979e-09	LEVEL3			HECTD4	HECTD4	HECTD4	ADAM1B;ALDH2;HECTD4;MAPKAPK5;MAPKAPK5-AS1;NAA25;SH2B3;TMEM116	LOOKUP_RETURNED	RETINAL/OCULAR;VASCULAR/ENDOTHELIAL;IMMUNE/INFLAMMATORY;LIPID/METABOLIC;ECM;NEURONAL/NEURODEGENERATIVE;RENAL;OXIDATIVE/MITOCHONDRIAL	NOT_ASSIGNED_FROM_POSITIONAL_OR_XQTL_LOOKUP	DESCRIPTIVE_SUPPORT_ONLY_NO_CAUSAL_GENE_CLAIM
AMD-CAD|chr12|rs4766453	AMD-CAD	True	12	rs4766453	111692124	12:110112932-113027651	POSITIVE_DIRECTION_CONCORDANT	0.0010233564042257	7.19930878673286e-06	LEVEL3			CUX2	CUX2	CUX2	TMEM116	LOOKUP_RETURNED	RETINAL/OCULAR;VASCULAR/ENDOTHELIAL;IMMUNE/INFLAMMATORY;LIPID/METABOLIC;ECM;NEURONAL/NEURODEGENERATIVE;RENAL;OXIDATIVE/MITOCHONDRIAL	NOT_ASSIGNED_FROM_POSITIONAL_OR_XQTL_LOOKUP	DESCRIPTIVE_SUPPORT_ONLY_NO_CAUSAL_GENE_CLAIM
AMD-CAD|chr12|rs12828640	AMD-CAD	True	12	rs12828640	111361298	12:110112932-113027651	POSITIVE_DIRECTION_CONCORDANT	0.0010233564042257	1.39880437737589e-05	LEVEL3			MYL2	MYL2	MYL2	ALDH2;CUX2;LINC01405;MAPKAPK5;RP1-46F2.3	LOOKUP_RETURNED	RETINAL/OCULAR;VASCULAR/ENDOTHELIAL;IMMUNE/INFLAMMATORY;LIPID/METABOLIC;ECM;NEURONAL/NEURODEGENERATIVE;RENAL;OXIDATIVE/MITOCHONDRIAL	NOT_ASSIGNED_FROM_POSITIONAL_OR_XQTL_LOOKUP	DESCRIPTIVE_SUPPORT_ONLY_NO_CAUSAL_GENE_CLAIM
AMD-CAD|chr16|rs7202877	AMD-CAD	True	16	rs7202877	75247245	16:74730819-75517115	POSITIVE_DIRECTION_CONCORDANT	0.0044438131494795	4.1243065575140397e-16	LEVEL3			CTRB1	CTRB1	CTRB1	BCAR1;CFDP1;RP11-252K23.2;RP11-331F4.5;TMEM170A	LOOKUP_RETURNED	RETINAL/OCULAR;VASCULAR/ENDOTHELIAL;IMMUNE/INFLAMMATORY;LIPID/METABOLIC;ECM;NEURONAL/NEURODEGENERATIVE;RENAL;OXIDATIVE/MITOCHONDRIAL	NOT_ASSIGNED_FROM_POSITIONAL_OR_XQTL_LOOKUP	DESCRIPTIVE_SUPPORT_ONLY_NO_CAUSAL_GENE_CLAIM
AMD-CAD|chr16|rs4888432	AMD-CAD	True	16	rs4888432	75510973	16:74730819-75517115	POSITIVE_DIRECTION_CONCORDANT	0.0044438131494795	3.65010341254713e-06	LEVEL3			CHST6	CHST6	CHST6	BCAR1;CFDP1;RP11-252K23.2;TMEM170A	LOOKUP_RETURNED	RETINAL/OCULAR;VASCULAR/ENDOTHELIAL;IMMUNE/INFLAMMATORY;LIPID/METABOLIC;ECM;NEURONAL/NEURODEGENERATIVE;RENAL;OXIDATIVE/MITOCHONDRIAL	NOT_ASSIGNED_FROM_POSITIONAL_OR_XQTL_LOOKUP	DESCRIPTIVE_SUPPORT_ONLY_NO_CAUSAL_GENE_CLAIM
AMD-CAD|chr5|rs11241627	AMD-CAD	True	5	rs11241627	121273302	5:120963248-121481183	NEGATIVE_DIRECTION_CONCORDANT	3.94366034897092e-06	1.32728700865327e-10	LEVEL2		FTMT;LOX;SRFBP1;ZNF474	SRFBP1	FTMT;LOX;SRFBP1;ZNF474	FTMT	LOX	LOOKUP_RETURNED	RETINAL/OCULAR;VASCULAR/ENDOTHELIAL;IMMUNE/INFLAMMATORY;LIPID/METABOLIC;ECM;NEURONAL/NEURODEGENERATIVE;RENAL;OXIDATIVE/MITOCHONDRIAL	NOT_ASSIGNED_FROM_POSITIONAL_OR_XQTL_LOOKUP	DESCRIPTIVE_SUPPORT_ONLY_NO_CAUSAL_GENE_CLAIM
AMD-CAD|chr7|rs1133790	AMD-CAD	True	7	rs1133790	99632982	7:98152191-100555361	NEGATIVE_DIRECTION_CONCORDANT	0.0019213403806528	3.07308593618217e-07	LEVEL3			ZKSCAN1	ZKSCAN1	ZKSCAN1	AP4M1;AZGP1;CNPY4;COPS6;NYAP1;OR2AE1;PILRA;PILRB;PVRIG;STAG3;STAG3L5P;TRIM4;TSC22D4;ZCWPW1;ZKSCAN1;ZSCAN21	LOOKUP_RETURNED	RETINAL/OCULAR;VASCULAR/ENDOTHELIAL;IMMUNE/INFLAMMATORY;LIPID/METABOLIC;ECM;NEURONAL/NEURODEGENERATIVE;RENAL;OXIDATIVE/MITOCHONDRIAL	NOT_ASSIGNED_FROM_POSITIONAL_OR_XQTL_LOOKUP	DESCRIPTIVE_SUPPORT_ONLY_NO_CAUSAL_GENE_CLAIM
AMD-CKD|chr12|rs653178	AMD-CKD	True	12	rs653178	112007756	12:110112932-113027651	POSITIVE_DIRECTION_CONCORDANT	0.0196335024289898	3.17358983950081e-07	LEVEL3			ATXN2	ATXN2	ATXN2	ADAM1B;ALDH2;LINC01405;MAPKAPK5;TMEM116	LOOKUP_RETURNED	RETINAL/OCULAR;VASCULAR/ENDOTHELIAL;IMMUNE/INFLAMMATORY;LIPID/METABOLIC;ECM;NEURONAL/NEURODEGENERATIVE;RENAL;OXIDATIVE/MITOCHONDRIAL	NOT_ASSIGNED_FROM_POSITIONAL_OR_XQTL_LOOKUP	DESCRIPTIVE_SUPPORT_ONLY_NO_CAUSAL_GENE_CLAIM
AMD-CKD|chr7|rs6966728	AMD-CKD	True	7	rs6966728	104618318	7:104158491-105425027	NEGATIVE_DIRECTION_CONCORDANT	0.0109718453325452	3.78156943782444e-07	LEVEL3			KMT2E	KMT2E	KMT2E		NO_GTEx_V8_GENE_RECORD	RETINAL/OCULAR;VASCULAR/ENDOTHELIAL;IMMUNE/INFLAMMATORY;LIPID/METABOLIC;ECM;NEURONAL/NEURODEGENERATIVE;RENAL;OXIDATIVE/MITOCHONDRIAL	NOT_ASSIGNED_FROM_POSITIONAL_OR_XQTL_LOOKUP	DESCRIPTIVE_SUPPORT_ONLY_NO_CAUSAL_GENE_CLAIM
AMD-PD|chr7|rs2097942	AMD-PD	False	7	rs2097942	104725105	7:104158491-105425027	NEGATIVE_DIRECTION_CONCORDANT	0.0204432661966933	3.2712112678881e-07	LEVEL3			KMT2E	KMT2E	KMT2E	CTB-152G17.6;RP11-325F22.2;SRPK2	LOOKUP_RETURNED	RETINAL/OCULAR;VASCULAR/ENDOTHELIAL;IMMUNE/INFLAMMATORY;LIPID/METABOLIC;ECM;NEURONAL/NEURODEGENERATIVE;RENAL;OXIDATIVE/MITOCHONDRIAL	NOT_ASSIGNED_FROM_POSITIONAL_OR_XQTL_LOOKUP	DESCRIPTIVE_SUPPORT_ONLY_NO_CAUSAL_GENE_CLAIM
AMD-STROKE|chr12|rs653178	AMD-STROKE	True	12	rs653178	112007756	12:110112932-113027651	POSITIVE_DIRECTION_CONCORDANT	0.0196335024289898	9.41040564028567e-13	LEVEL3			ATXN2	ATXN2	ATXN2	ADAM1B;ALDH2;LINC01405;MAPKAPK5;TMEM116	LOOKUP_RETURNED	RETINAL/OCULAR;VASCULAR/ENDOTHELIAL;IMMUNE/INFLAMMATORY;LIPID/METABOLIC;ECM;NEURONAL/NEURODEGENERATIVE;RENAL;OXIDATIVE/MITOCHONDRIAL	NOT_ASSIGNED_FROM_POSITIONAL_OR_XQTL_LOOKUP	DESCRIPTIVE_SUPPORT_ONLY_NO_CAUSAL_GENE_CLAIM
AMD-STROKE|chr12|rs7311681	AMD-STROKE	True	12	rs7311681	112817847	12:110112932-113027651	POSITIVE_DIRECTION_CONCORDANT	0.0196335024289898	8.71362730955777e-09	LEVEL3			HECTD4	HECTD4	HECTD4	ADAM1B;ALDH2;HECTD4;MAPKAPK5;MAPKAPK5-AS1;NAA25;SH2B3;TMEM116	LOOKUP_RETURNED	RETINAL/OCULAR;VASCULAR/ENDOTHELIAL;IMMUNE/INFLAMMATORY;LIPID/METABOLIC;ECM;NEURONAL/NEURODEGENERATIVE;RENAL;OXIDATIVE/MITOCHONDRIAL	NOT_ASSIGNED_FROM_POSITIONAL_OR_XQTL_LOOKUP	DESCRIPTIVE_SUPPORT_ONLY_NO_CAUSAL_GENE_CLAIM
AMD-STROKE|chr12|rs4378452	AMD-STROKE	True	12	rs4378452	111504033	12:110112932-113027651	POSITIVE_DIRECTION_CONCORDANT	0.0196335024289898	1.07628896695182e-05	LEVEL3			CUX2	CUX2	CUX2	ADAM1B;CUX2;GPN3;LINC01405	LOOKUP_RETURNED	RETINAL/OCULAR;VASCULAR/ENDOTHELIAL;IMMUNE/INFLAMMATORY;LIPID/METABOLIC;ECM;NEURONAL/NEURODEGENERATIVE;RENAL;OXIDATIVE/MITOCHONDRIAL	NOT_ASSIGNED_FROM_POSITIONAL_OR_XQTL_LOOKUP	DESCRIPTIVE_SUPPORT_ONLY_NO_CAUSAL_GENE_CLAIM
AMD-STROKE|chr17|rs2727074	AMD-STROKE	True	17	rs2727074	3994670	17:3426133-4321755	NEGATIVE_DIRECTION_CONCORDANT	0.0044438131494795	1.56466371876842e-06	LEVEL3			ZZEF1	ZZEF1	ZZEF1	ANKFY1;ATP2A3;CYB5D2;UBE2G1;ZZEF1	LOOKUP_RETURNED	RETINAL/OCULAR;VASCULAR/ENDOTHELIAL;IMMUNE/INFLAMMATORY;LIPID/METABOLIC;ECM;NEURONAL/NEURODEGENERATIVE;RENAL;OXIDATIVE/MITOCHONDRIAL	NOT_ASSIGNED_FROM_POSITIONAL_OR_XQTL_LOOKUP	DESCRIPTIVE_SUPPORT_ONLY_NO_CAUSAL_GENE_CLAIM
AMD-T2D|chr17|rs2278524	AMD-T2D	True	17	rs2278524	4081975	17:3426133-4321755	NEGATIVE_DIRECTION_CONCORDANT	0.0233068449962225	1.05735693459507e-08	LEVEL3			ANKFY1;CYB5D2	ANKFY1;CYB5D2	ANKFY1	ANKFY1;CYB5D2;RP11-104O19.4;UBE2G1;ZZEF1	LOOKUP_RETURNED	RETINAL/OCULAR;VASCULAR/ENDOTHELIAL;IMMUNE/INFLAMMATORY;LIPID/METABOLIC;ECM;NEURONAL/NEURODEGENERATIVE;RENAL;OXIDATIVE/MITOCHONDRIAL	NOT_ASSIGNED_FROM_POSITIONAL_OR_XQTL_LOOKUP	DESCRIPTIVE_SUPPORT_ONLY_NO_CAUSAL_GENE_CLAIM
AMD-T2D|chr17|rs1076902	AMD-T2D	True	17	rs1076902	3828822	17:3426133-4321755	NEGATIVE_DIRECTION_CONCORDANT	0.0233068449962225	4.47666483509893e-06	LEVEL3			ATP2A3	ATP2A3	ATP2A3		NO_GTEx_V8_GENE_RECORD	RETINAL/OCULAR;VASCULAR/ENDOTHELIAL;IMMUNE/INFLAMMATORY;LIPID/METABOLIC;ECM;NEURONAL/NEURODEGENERATIVE;RENAL;OXIDATIVE/MITOCHONDRIAL	NOT_ASSIGNED_FROM_POSITIONAL_OR_XQTL_LOOKUP	DESCRIPTIVE_SUPPORT_ONLY_NO_CAUSAL_GENE_CLAIM
AMD-T2D|chr2|rs1549723	AMD-T2D	True	2	rs1549723	43460514	2:43309247-44048346	NEGATIVE_DIRECTION_CONCORDANT	0.0314731563032679	3.81016768163225e-08	LEVEL3			THADA	THADA	THADA	AC010883.5;LINC01126;PLEKHH2;ZFP36L2	LOOKUP_RETURNED	RETINAL/OCULAR;VASCULAR/ENDOTHELIAL;IMMUNE/INFLAMMATORY;LIPID/METABOLIC;ECM;NEURONAL/NEURODEGENERATIVE;RENAL;OXIDATIVE/MITOCHONDRIAL	NOT_ASSIGNED_FROM_POSITIONAL_OR_XQTL_LOOKUP	DESCRIPTIVE_SUPPORT_ONLY_NO_CAUSAL_GENE_CLAIM
AMD-T2D|chr2|rs6722743	AMD-T2D	True	2	rs6722743	43095988	2:43309247-44048346	NEGATIVE_DIRECTION_CONCORDANT	0.0314731563032679	8.80646187906747e-07	LEVEL3			HAAO	HAAO	HAAO		NO_GTEx_V8_GENE_RECORD	RETINAL/OCULAR;VASCULAR/ENDOTHELIAL;IMMUNE/INFLAMMATORY;LIPID/METABOLIC;ECM;NEURONAL/NEURODEGENERATIVE;RENAL;OXIDATIVE/MITOCHONDRIAL	NOT_ASSIGNED_FROM_POSITIONAL_OR_XQTL_LOOKUP	DESCRIPTIVE_SUPPORT_ONLY_NO_CAUSAL_GENE_CLAIM
AMD-T2D|chr2|rs6544658	AMD-T2D	True	2	rs6544658	43652117	2:43309247-44048346	NEGATIVE_DIRECTION_CONCORDANT	0.0314731563032679	1.61168358780008e-05	LEVEL3			THADA	THADA	THADA	AC010883.5;LINC01126	LOOKUP_RETURNED	RETINAL/OCULAR;VASCULAR/ENDOTHELIAL;IMMUNE/INFLAMMATORY;LIPID/METABOLIC;ECM;NEURONAL/NEURODEGENERATIVE;RENAL;OXIDATIVE/MITOCHONDRIAL	NOT_ASSIGNED_FROM_POSITIONAL_OR_XQTL_LOOKUP	DESCRIPTIVE_SUPPORT_ONLY_NO_CAUSAL_GENE_CLAIM
AMD-T2D|chr2|rs11904510	AMD-T2D	True	2	rs11904510	43797710	2:43309247-44048346	NEGATIVE_DIRECTION_CONCORDANT	0.0314731563032679	3.17213619725088e-05	LEVEL3			THADA	THADA	THADA	C1GALT1C1L	LOOKUP_RETURNED	RETINAL/OCULAR;VASCULAR/ENDOTHELIAL;IMMUNE/INFLAMMATORY;LIPID/METABOLIC;ECM;NEURONAL/NEURODEGENERATIVE;RENAL;OXIDATIVE/MITOCHONDRIAL	NOT_ASSIGNED_FROM_POSITIONAL_OR_XQTL_LOOKUP	DESCRIPTIVE_SUPPORT_ONLY_NO_CAUSAL_GENE_CLAIM
AMD-T2D|chr4|rs11734396	AMD-T2D	True	4	rs11734396	104022110	4:103388441-104802530	POSITIVE_DIRECTION_CONCORDANT	0.0028273431483929	3.00038526070077e-07	LEVEL3			BDH2	BDH2	BDH2	BDH2;CENPE;CISD2;KRT8P46;LRRC37A15P;MANBA;RP11-10L12.2;RP11-10L12.4;UBE2D3	LOOKUP_RETURNED	RETINAL/OCULAR;VASCULAR/ENDOTHELIAL;IMMUNE/INFLAMMATORY;LIPID/METABOLIC;ECM;NEURONAL/NEURODEGENERATIVE;RENAL;OXIDATIVE/MITOCHONDRIAL	NOT_ASSIGNED_FROM_POSITIONAL_OR_XQTL_LOOKUP	DESCRIPTIVE_SUPPORT_ONLY_NO_CAUSAL_GENE_CLAIM
AMD-T2D|chr5|rs34358	AMD-T2D	True	5	rs34358	74965122	5:73508509-75240469	POSITIVE_DIRECTION_CONCORDANT	0.0264300987291456	5.44313347851341e-09	LEVEL1	ANKDD1B	ANKDD1B;ANKRD31;COL4A3BP;ENC1;FAM169A;GCNT4;GFM2;HEXB;HMGCR;NSA2;POC5;POLK	ANKDD1B	ANKDD1B	ANKDD1B	ANKDD1B;CTD-2235C13.3;LINC01336;POC5;POLK	LOOKUP_RETURNED	RETINAL/OCULAR;VASCULAR/ENDOTHELIAL;IMMUNE/INFLAMMATORY;LIPID/METABOLIC;ECM;NEURONAL/NEURODEGENERATIVE;RENAL;OXIDATIVE/MITOCHONDRIAL	NOT_ASSIGNED_FROM_POSITIONAL_OR_XQTL_LOOKUP	DESCRIPTIVE_SUPPORT_ONLY_NO_CAUSAL_GENE_CLAIM
AMD-T2D|chr7|rs7776707	AMD-T2D	True	7	rs7776707	104605530	7:104158491-105425027	POSITIVE_DIRECTION_CONCORDANT	0.0268116779227324	5.91757805840331e-08	LEVEL3			KMT2E	KMT2E	KMT2E	CTB-152G17.6;LHFPL3-AS2;RP11-325F22.2;SRPK2	LOOKUP_RETURNED	RETINAL/OCULAR;VASCULAR/ENDOTHELIAL;IMMUNE/INFLAMMATORY;LIPID/METABOLIC;ECM;NEURONAL/NEURODEGENERATIVE;RENAL;OXIDATIVE/MITOCHONDRIAL	NOT_ASSIGNED_FROM_POSITIONAL_OR_XQTL_LOOKUP	DESCRIPTIVE_SUPPORT_ONLY_NO_CAUSAL_GENE_CLAIM
AMD-T2D|chr7|rs4460308	AMD-T2D	True	7	rs4460308	104420060	7:104158491-105425027	POSITIVE_DIRECTION_CONCORDANT	0.0268116779227324	6.93264988342342e-06	LEVEL3			LHFPL3	LHFPL3	LHFPL3		NO_GTEx_V8_GENE_RECORD	RETINAL/OCULAR;VASCULAR/ENDOTHELIAL;IMMUNE/INFLAMMATORY;LIPID/METABOLIC;ECM;NEURONAL/NEURODEGENERATIVE;RENAL;OXIDATIVE/MITOCHONDRIAL	NOT_ASSIGNED_FROM_POSITIONAL_OR_XQTL_LOOKUP	DESCRIPTIVE_SUPPORT_ONLY_NO_CAUSAL_GENE_CLAIM
CAT-AD|chr1|rs34626131	CAT-AD	True	1	rs34626131	207880977	1:206706419-208158787	NEGATIVE_DIRECTION_CONCORDANT	0.0002752403888758	2.6898481937111204e-09	LEVEL3			CR1L	CR1L	CR1L		NO_GTEx_V8_GENE_RECORD	RETINAL/OCULAR;VASCULAR/ENDOTHELIAL;IMMUNE/INFLAMMATORY;LIPID/METABOLIC;ECM;NEURONAL/NEURODEGENERATIVE;RENAL;OXIDATIVE/MITOCHONDRIAL	NOT_ASSIGNED_FROM_POSITIONAL_OR_XQTL_LOOKUP	DESCRIPTIVE_SUPPORT_ONLY_NO_CAUSAL_GENE_CLAIM
CAT-AD|chr1|rs200114063	CAT-AD	True	1	rs200114063	207385580	1:206706419-208158787	NEGATIVE_DIRECTION_CONCORDANT	0.0002752403888758	4.86190775033034e-07	LEVEL3			C4BPA	C4BPA	C4BPA	CD55;CR2;RP11-357P18.2	LOOKUP_RETURNED	RETINAL/OCULAR;VASCULAR/ENDOTHELIAL;IMMUNE/INFLAMMATORY;LIPID/METABOLIC;ECM;NEURONAL/NEURODEGENERATIVE;RENAL;OXIDATIVE/MITOCHONDRIAL	NOT_ASSIGNED_FROM_POSITIONAL_OR_XQTL_LOOKUP	DESCRIPTIVE_SUPPORT_ONLY_NO_CAUSAL_GENE_CLAIM
CAT-AD|chr11|rs558678	CAT-AD	True	11	rs558678	59852113	11:59620206-61870732	NEGATIVE_DIRECTION_CONCORDANT	0.0062177629514779	1.5264216092578e-10	LEVEL3			MS4A2	MS4A2	MS4A2	MS4A2;MS4A6A	LOOKUP_RETURNED	RETINAL/OCULAR;VASCULAR/ENDOTHELIAL;IMMUNE/INFLAMMATORY;LIPID/METABOLIC;ECM;NEURONAL/NEURODEGENERATIVE;RENAL;OXIDATIVE/MITOCHONDRIAL	NOT_ASSIGNED_FROM_POSITIONAL_OR_XQTL_LOOKUP	DESCRIPTIVE_SUPPORT_ONLY_NO_CAUSAL_GENE_CLAIM
CAT-AD|chr11|rs76834192	CAT-AD	True	11	rs76834192	59766312	11:59620206-61870732	NEGATIVE_DIRECTION_CONCORDANT	0.0062177629514779	1.00215912958848e-05	LEVEL3			OOSP2	OOSP2	OOSP2	OOSP1;STX3	LOOKUP_RETURNED	RETINAL/OCULAR;VASCULAR/ENDOTHELIAL;IMMUNE/INFLAMMATORY;LIPID/METABOLIC;ECM;NEURONAL/NEURODEGENERATIVE;RENAL;OXIDATIVE/MITOCHONDRIAL	NOT_ASSIGNED_FROM_POSITIONAL_OR_XQTL_LOOKUP	DESCRIPTIVE_SUPPORT_ONLY_NO_CAUSAL_GENE_CLAIM
CAT-AD|chr11|rs4939330	CAT-AD	True	11	rs4939330	60049407	11:59620206-61870732	NEGATIVE_DIRECTION_CONCORDANT	0.0062177629514779	1.45481865897526e-05	LEVEL3			MS4A4A	MS4A4A	MS4A4A		NO_GTEx_V8_GENE_RECORD	RETINAL/OCULAR;VASCULAR/ENDOTHELIAL;IMMUNE/INFLAMMATORY;LIPID/METABOLIC;ECM;NEURONAL/NEURODEGENERATIVE;RENAL;OXIDATIVE/MITOCHONDRIAL	NOT_ASSIGNED_FROM_POSITIONAL_OR_XQTL_LOOKUP	DESCRIPTIVE_SUPPORT_ONLY_NO_CAUSAL_GENE_CLAIM
CAT-AD|chr2|rs140750546	CAT-AD	True	2	rs140750546	203863736	2:202830132-204814896	POSITIVE_DIRECTION_CONCORDANT	0.0472529339623195	4.11609024085731e-07	LEVEL2		ABI2;AC079354.1;AC079354.2;BMPR2;CARF;CD28;CTLA4;CYP20A1;FAM117B;FZD7;ICA1L;ICOS;NBEAL1;NOP58;RAPH1;SUMO1;WDR12	WDR12	ABI2;AC079354.1;AC079354.2;BMPR2;CARF;CD28;CTLA4;CYP20A1;FAM117B;FZD7;ICA1L;ICOS;NBEAL1;NOP58;RAPH1;SUMO1;WDR12	ABI2	CARF;FAM117B;ICA1L;NBEAL1;WDR12	LOOKUP_RETURNED	RETINAL/OCULAR;VASCULAR/ENDOTHELIAL;IMMUNE/INFLAMMATORY;LIPID/METABOLIC;ECM;NEURONAL/NEURODEGENERATIVE;RENAL;OXIDATIVE/MITOCHONDRIAL	NOT_ASSIGNED_FROM_POSITIONAL_OR_XQTL_LOOKUP	DESCRIPTIVE_SUPPORT_ONLY_NO_CAUSAL_GENE_CLAIM
CAT-AD|chr2|rs10209020	CAT-AD	True	2	rs10209020	27980944	2:26894589-28597305	POSITIVE_DIRECTION_CONCORDANT	0.0472529339623195	2.1964002896651e-05	LEVEL2		ABHD1;AC074091.13;AC109829.1;AC110084.1;AGBL5;ATRAID;BRE;C2orf16;C2orf53;CAD;CCDC121;CENPA;CGREF1;DNAJC5G;DPYSL5;EIF2B4;EMILIN1;FNDC4;GCKR;GPN1;GTF3C2;IFT172;KCNK3;KHK;KRTCAP3;MAPRE3;MPV17;MRPL33;NRBP1;OST4;PPM1G;PREB;RBKS;SLC30A3;SLC35F6;SLC4A1AP;SLC5A6;SNX17;SUPT7L;TCF23;TMEM214;TRIM54;UCN;ZNF512;ZNF513	MRPL33	ABHD1;AC074091.13;AC109829.1;AC110084.1;AGBL5;ATRAID;BRE;C2orf16;C2orf53;CAD;CCDC121;CENPA;CGREF1;DNAJC5G;DPYSL5;EIF2B4;EMILIN1;FNDC4;GCKR;GPN1;GTF3C2;IFT172;KCNK3;KHK;KRTCAP3;MAPRE3;MPV17;MRPL33;NRBP1;OST4;PPM1G;PREB;RBKS;SLC30A3;SLC35F6;SLC4A1AP;SLC5A6;SNX17;SUPT7L;TCF23;TMEM214;TRIM54;UCN;ZNF512;ZNF513	ABHD1	CGREF1;FNDC4;GCKR;KHK;LINC01460;MRPL33;SLC4A1AP;SNX17	LOOKUP_RETURNED	RETINAL/OCULAR;VASCULAR/ENDOTHELIAL;IMMUNE/INFLAMMATORY;LIPID/METABOLIC;ECM;NEURONAL/NEURODEGENERATIVE;RENAL;OXIDATIVE/MITOCHONDRIAL	NOT_ASSIGNED_FROM_POSITIONAL_OR_XQTL_LOOKUP	DESCRIPTIVE_SUPPORT_ONLY_NO_CAUSAL_GENE_CLAIM
CAT-AD|chr7|rs1617502	CAT-AD	True	7	rs1617502	99809835	7:98152191-100555361	NEGATIVE_DIRECTION_CONCORDANT	0.0392017080189121	3.19678538664518e-06	LEVEL3			GATS;STAG3	GATS;STAG3	GATS	AC073842.19;AGFG2;AP4M1;C7orf43;CNPY4;GAL3ST4;GATS;GIGYF1;GPC2;LAMTOR4;NYAP1;OR2AE1;PILRA;PILRB;PVRIG;STAG3;STAG3L5P;TAF6;TRIM4;UFSP1;ZCWPW1;ZKSCAN1;ZNF3	LOOKUP_RETURNED	RETINAL/OCULAR;VASCULAR/ENDOTHELIAL;IMMUNE/INFLAMMATORY;LIPID/METABOLIC;ECM;NEURONAL/NEURODEGENERATIVE;RENAL;OXIDATIVE/MITOCHONDRIAL	NOT_ASSIGNED_FROM_POSITIONAL_OR_XQTL_LOOKUP	DESCRIPTIVE_SUPPORT_ONLY_NO_CAUSAL_GENE_CLAIM
CAT-CAD|chr1|rs2938154	CAT-CAD	False	1	rs2938154	176385265	1:175385076-176416712	POSITIVE_DIRECTION_CONCORDANT	0.0110084032525461	1.28888794265826e-06	LEVEL2		RFWD2;TNR	PAPPA2	RFWD2;TNR	RFWD2	RP11-318C24.2	LOOKUP_RETURNED	RETINAL/OCULAR;VASCULAR/ENDOTHELIAL;IMMUNE/INFLAMMATORY;LIPID/METABOLIC;ECM;NEURONAL/NEURODEGENERATIVE;RENAL;OXIDATIVE/MITOCHONDRIAL	NOT_ASSIGNED_FROM_POSITIONAL_OR_XQTL_LOOKUP	DESCRIPTIVE_SUPPORT_ONLY_NO_CAUSAL_GENE_CLAIM
CAT-CAD|chr11|rs10502145	CAT-CAD	False	11	rs10502145	111525069	11:110702636-111981853	POSITIVE_DIRECTION_CONCORDANT	0.0004989598572819	5.08731851657513e-07	LEVEL2		ALG9;BTG4;C11orf1;C11orf52;C11orf53;C11orf57;C11orf88;COLCA1;COLCA2;CRYAB;DIXDC1;DLAT;FDXACB1;HSPB2;HSPB2-C11orf52;LAYN;PIH1D2;POU2AF1;PPP2R1B;RP11-794P6.2;SDHD;SIK2;TIMM8B	SIK2	ALG9;BTG4;C11orf1;C11orf52;C11orf53;C11orf57;C11orf88;COLCA1;COLCA2;CRYAB;DIXDC1;DLAT;FDXACB1;HSPB2;HSPB2-C11orf52;LAYN;PIH1D2;POU2AF1;PPP2R1B;RP11-794P6.2;SDHD;SIK2;TIMM8B	ALG9	C11orf52;CRYAB;DIXDC1;DLAT;HSPB2;PPIHP1;PPP2R1B;SIK2	LOOKUP_RETURNED	RETINAL/OCULAR;VASCULAR/ENDOTHELIAL;IMMUNE/INFLAMMATORY;LIPID/METABOLIC;ECM;NEURONAL/NEURODEGENERATIVE;RENAL;OXIDATIVE/MITOCHONDRIAL	NOT_ASSIGNED_FROM_POSITIONAL_OR_XQTL_LOOKUP	DESCRIPTIVE_SUPPORT_ONLY_NO_CAUSAL_GENE_CLAIM
CAT-CAD|chr16|rs3851734	CAT-CAD	False	16	rs3851734	75371920	16:74730819-75517115	POSITIVE_DIRECTION_CONCORDANT	0.0237098987773341	1.21225210307653e-06	LEVEL3			CFDP1	CFDP1	CFDP1	BCAR1;CFDP1;RP11-252K23.2;TMEM170A	LOOKUP_RETURNED	RETINAL/OCULAR;VASCULAR/ENDOTHELIAL;IMMUNE/INFLAMMATORY;LIPID/METABOLIC;ECM;NEURONAL/NEURODEGENERATIVE;RENAL;OXIDATIVE/MITOCHONDRIAL	NOT_ASSIGNED_FROM_POSITIONAL_OR_XQTL_LOOKUP	DESCRIPTIVE_SUPPORT_ONLY_NO_CAUSAL_GENE_CLAIM
CAT-CKD|chr17|rs12936927	CAT-CKD	False	17	rs12936927	17726965	17:17299591-18446092	NEGATIVE_DIRECTION_CONCORDANT	0.0023788345085109	1.78939505238639e-06	LEVEL3			SREBF1	SREBF1	SREBF1		NO_GTEx_V8_GENE_RECORD	RETINAL/OCULAR;VASCULAR/ENDOTHELIAL;IMMUNE/INFLAMMATORY;LIPID/METABOLIC;ECM;NEURONAL/NEURODEGENERATIVE;RENAL;OXIDATIVE/MITOCHONDRIAL	NOT_ASSIGNED_FROM_POSITIONAL_OR_XQTL_LOOKUP	DESCRIPTIVE_SUPPORT_ONLY_NO_CAUSAL_GENE_CLAIM
CAT-PD|chr17|rs4566208	CAT-PD	False	17	rs4566208	16010920	17:14860784-16319512	NEGATIVE_DIRECTION_CONCORDANT	3.275789704560942e-06	3.6285225458341e-11	LEVEL2		AC002553.1;ADORA2B;CDRT1;CDRT4;CENPV;NCOR1;PIGL;PMP22;RP11-385D13.1;TBC1D26;TEKT3;TRIM16;TRPV2;TTC19;TVP23C;TVP23C-CDRT4;UBB;ZNF286A;ZSWIM7	NCOR1	AC002553.1;ADORA2B;CDRT1;CDRT4;CENPV;NCOR1;PIGL;PMP22;RP11-385D13.1;TBC1D26;TEKT3;TRIM16;TRPV2;TTC19;TVP23C;TVP23C-CDRT4;UBB;ZNF286A;ZSWIM7	AC002553.1	ADORA2B;CENPV;LRRC75A-AS1;NCOR1;PIGL;TTC19;ZSWIM7	LOOKUP_RETURNED	RETINAL/OCULAR;VASCULAR/ENDOTHELIAL;IMMUNE/INFLAMMATORY;LIPID/METABOLIC;ECM;NEURONAL/NEURODEGENERATIVE;RENAL;OXIDATIVE/MITOCHONDRIAL	NOT_ASSIGNED_FROM_POSITIONAL_OR_XQTL_LOOKUP	DESCRIPTIVE_SUPPORT_ONLY_NO_CAUSAL_GENE_CLAIM
CAT-STROKE|chr10|rs4750356	CAT-STROKE	True	10	rs4750356	13480789	10:12799286-13718384	NEGATIVE_DIRECTION_CONCORDANT	0.0205537196823386	2.23671465083332e-06	LEVEL2		AL138764.1;BEND7;CAMK1D;CCDC3;FRMD4A;MCM10;OPTN;PHYH;PRPF18;RP11-295P9.3;SEPHS1;UCMA	BEND7	AL138764.1;BEND7;CAMK1D;CCDC3;FRMD4A;MCM10;OPTN;PHYH;PRPF18;RP11-295P9.3;SEPHS1;UCMA	AL138764.1	BEND7;RP11-295P9.3	LOOKUP_RETURNED	RETINAL/OCULAR;VASCULAR/ENDOTHELIAL;IMMUNE/INFLAMMATORY;LIPID/METABOLIC;ECM;NEURONAL/NEURODEGENERATIVE;RENAL;OXIDATIVE/MITOCHONDRIAL	NOT_ASSIGNED_FROM_POSITIONAL_OR_XQTL_LOOKUP	DESCRIPTIVE_SUPPORT_ONLY_NO_CAUSAL_GENE_CLAIM
CAT-STROKE|chr17|rs11870660	CAT-STROKE	True	17	rs11870660	17877096	17:17299591-18446092	POSITIVE_DIRECTION_CONCORDANT	0.0196335024289898	3.9596241897960105e-09	LEVEL3			LRRC48	LRRC48	LRRC48	ALKBH5;ATPAF2;DRC3;MIEF2;RP1-253P7.4;RP11-524F11.1;SMCR5;SREBF1;TOM1L2;TRIM16L	LOOKUP_RETURNED	RETINAL/OCULAR;VASCULAR/ENDOTHELIAL;IMMUNE/INFLAMMATORY;LIPID/METABOLIC;ECM;NEURONAL/NEURODEGENERATIVE;RENAL;OXIDATIVE/MITOCHONDRIAL	NOT_ASSIGNED_FROM_POSITIONAL_OR_XQTL_LOOKUP	DESCRIPTIVE_SUPPORT_ONLY_NO_CAUSAL_GENE_CLAIM
CAT-T2D|chr17|rs8079321	CAT-T2D	False	17	rs8079321	17760789	17:17299591-18446092	POSITIVE_DIRECTION_CONCORDANT	0.0008228868786915	1.19080218379089e-10	LEVEL3			TOM1L2	TOM1L2	TOM1L2	ALKBH5;ATPAF2;DRC3;DRG2;MYO15A;RP1-253P7.4;RP11-258F1.2;SMCR5;SREBF1;TOM1L2	LOOKUP_RETURNED	RETINAL/OCULAR;VASCULAR/ENDOTHELIAL;IMMUNE/INFLAMMATORY;LIPID/METABOLIC;ECM;NEURONAL/NEURODEGENERATIVE;RENAL;OXIDATIVE/MITOCHONDRIAL	NOT_ASSIGNED_FROM_POSITIONAL_OR_XQTL_LOOKUP	DESCRIPTIVE_SUPPORT_ONLY_NO_CAUSAL_GENE_CLAIM
CAT-T2D|chr17|rs1057902	CAT-T2D	False	17	rs1057902	47005588	17:46828412-48027295	POSITIVE_DIRECTION_CONCORDANT	0.0314731563032679	1.12333714061559e-07	LEVEL2		ABI3;ATP5G1;B4GALNT2;CALCOCO2;FAM117A;GIP;GNGT2;IGF2BP1;KAT7;NGFR;NXPH3;PHB;PHOSPHO1;RP11-81K2.1;SLC35B1;SNF8;SPOP;TAC4;TTLL6;UBE2Z;ZNF652	UBE2Z	ABI3;ATP5G1;B4GALNT2;CALCOCO2;FAM117A;GIP;GNGT2;IGF2BP1;KAT7;NGFR;NXPH3;PHB;PHOSPHO1;RP11-81K2.1;SLC35B1;SNF8;SPOP;TAC4;TTLL6;UBE2Z;ZNF652	ABI3	ATP5G1;HOXB-AS1;HOXB2;HOXB3;SNF8;SUMO2P17;TTLL6;UBE2Z	LOOKUP_RETURNED	RETINAL/OCULAR;VASCULAR/ENDOTHELIAL;IMMUNE/INFLAMMATORY;LIPID/METABOLIC;ECM;NEURONAL/NEURODEGENERATIVE;RENAL;OXIDATIVE/MITOCHONDRIAL	NOT_ASSIGNED_FROM_POSITIONAL_OR_XQTL_LOOKUP	DESCRIPTIVE_SUPPORT_ONLY_NO_CAUSAL_GENE_CLAIM
CAT-T2D|chr17|rs75035298	CAT-T2D	False	17	rs75035298	17473014	17:17299591-18446092	POSITIVE_DIRECTION_CONCORDANT	0.0008228868786915	2.71988150094006e-06	LEVEL3			PEMT	PEMT	PEMT	ALKBH5;CCDC144A;CTD-2303H24.2;FAM106A;TOM1L2;USP32P2	LOOKUP_RETURNED	RETINAL/OCULAR;VASCULAR/ENDOTHELIAL;IMMUNE/INFLAMMATORY;LIPID/METABOLIC;ECM;NEURONAL/NEURODEGENERATIVE;RENAL;OXIDATIVE/MITOCHONDRIAL	NOT_ASSIGNED_FROM_POSITIONAL_OR_XQTL_LOOKUP	DESCRIPTIVE_SUPPORT_ONLY_NO_CAUSAL_GENE_CLAIM
CAT-T2D|chr2|rs72790940	CAT-T2D	False	2	rs72790940	43768545	2:43309247-44048346	NEGATIVE_DIRECTION_CONCORDANT	0.0341899133486484	1.21811694231956e-06	LEVEL3			THADA	THADA	THADA	AC010883.5;LINC01126;PLEKHH2;THADA;ZFP36L2	LOOKUP_RETURNED	RETINAL/OCULAR;VASCULAR/ENDOTHELIAL;IMMUNE/INFLAMMATORY;LIPID/METABOLIC;ECM;NEURONAL/NEURODEGENERATIVE;RENAL;OXIDATIVE/MITOCHONDRIAL	NOT_ASSIGNED_FROM_POSITIONAL_OR_XQTL_LOOKUP	DESCRIPTIVE_SUPPORT_ONLY_NO_CAUSAL_GENE_CLAIM
CAT-T2D|chr22|rs3747207	CAT-T2D	False	22	rs3747207	44324855	22:44317416-44818986	NEGATIVE_DIRECTION_CONCORDANT	0.0024280460328743	4.9612142013704e-08	LEVEL2		KIAA1644;PARVB;PARVG;PNPLA3;RP1-32I10.10;SAMM50	PNPLA3	KIAA1644;PARVB;PARVG;PNPLA3;RP1-32I10.10;SAMM50	KIAA1644	PNPLA3;SAMM50	LOOKUP_RETURNED	RETINAL/OCULAR;VASCULAR/ENDOTHELIAL;IMMUNE/INFLAMMATORY;LIPID/METABOLIC;ECM;NEURONAL/NEURODEGENERATIVE;RENAL;OXIDATIVE/MITOCHONDRIAL	NOT_ASSIGNED_FROM_POSITIONAL_OR_XQTL_LOOKUP	DESCRIPTIVE_SUPPORT_ONLY_NO_CAUSAL_GENE_CLAIM
CAT-T2D|chr4|rs62283057	CAT-T2D	False	4	rs62283057	6276805	4:5971634-7135912	POSITIVE_DIRECTION_CONCORDANT	2.0594244705074573e-05	2.3681540458997203e-09	LEVEL3			WFS1	WFS1	WFS1	WFS1	LOOKUP_RETURNED	RETINAL/OCULAR;VASCULAR/ENDOTHELIAL;IMMUNE/INFLAMMATORY;LIPID/METABOLIC;ECM;NEURONAL/NEURODEGENERATIVE;RENAL;OXIDATIVE/MITOCHONDRIAL	NOT_ASSIGNED_FROM_POSITIONAL_OR_XQTL_LOOKUP	DESCRIPTIVE_SUPPORT_ONLY_NO_CAUSAL_GENE_CLAIM
CAT-T2D|chr4|rs228631	CAT-T2D	False	4	rs228631	103573863	4:103388441-104802530	POSITIVE_DIRECTION_CONCORDANT	0.0472529339623195	2.08422148126084e-07	LEVEL3			MANBA	MANBA	MANBA	BDH2;CISD2;KRT8P46;LRRC37A15P;MANBA;NFKB1;RP11-10L12.2;RP11-10L12.4;UBE2D3	LOOKUP_RETURNED	RETINAL/OCULAR;VASCULAR/ENDOTHELIAL;IMMUNE/INFLAMMATORY;LIPID/METABOLIC;ECM;NEURONAL/NEURODEGENERATIVE;RENAL;OXIDATIVE/MITOCHONDRIAL	NOT_ASSIGNED_FROM_POSITIONAL_OR_XQTL_LOOKUP	DESCRIPTIVE_SUPPORT_ONLY_NO_CAUSAL_GENE_CLAIM
CAT-T2D|chr4|rs1509946	CAT-T2D	False	4	rs1509946	95109078	4:94230511-95596188	NEGATIVE_DIRECTION_CONCORDANT	0.0472529339623195	2.45822402040652e-07	LEVEL2		ATOH1;GRID2;HPGDS;PDLIM5;SMARCAD1	SMARCAD1	ATOH1;GRID2;HPGDS;PDLIM5;SMARCAD1	ATOH1		NO_GTEx_V8_GENE_RECORD	RETINAL/OCULAR;VASCULAR/ENDOTHELIAL;IMMUNE/INFLAMMATORY;LIPID/METABOLIC;ECM;NEURONAL/NEURODEGENERATIVE;RENAL;OXIDATIVE/MITOCHONDRIAL	NOT_ASSIGNED_FROM_POSITIONAL_OR_XQTL_LOOKUP	DESCRIPTIVE_SUPPORT_ONLY_NO_CAUSAL_GENE_CLAIM
CAT-T2D|chr4|rs2269920	CAT-T2D	False	4	rs2269920	6323454	4:5971634-7135912	POSITIVE_DIRECTION_CONCORDANT	2.0594244705074573e-05	2.17402488516715e-06	LEVEL3			PPP2R2C	PPP2R2C	PPP2R2C	WFS1	LOOKUP_RETURNED	RETINAL/OCULAR;VASCULAR/ENDOTHELIAL;IMMUNE/INFLAMMATORY;LIPID/METABOLIC;ECM;NEURONAL/NEURODEGENERATIVE;RENAL;OXIDATIVE/MITOCHONDRIAL	NOT_ASSIGNED_FROM_POSITIONAL_OR_XQTL_LOOKUP	DESCRIPTIVE_SUPPORT_ONLY_NO_CAUSAL_GENE_CLAIM
POAG-CAD|chr10|rs10883050	POAG-CAD	False	10	rs10883050	99943568	10:99554895-100240681	NEGATIVE_DIRECTION_CONCORDANT	0.0261742807478925	1.42987528105978e-06	LEVEL2		CRTAC1;GOLGA7B;HPS1;HPSE2;LOXL4;PYROXD2;R3HCC1L	R3HCC1L	CRTAC1;GOLGA7B;HPS1;HPSE2;LOXL4;PYROXD2;R3HCC1L	CRTAC1	LOXL4;PYROXD2;R3HCC1L;RP11-34A14.3	LOOKUP_RETURNED	RETINAL/OCULAR;VASCULAR/ENDOTHELIAL;IMMUNE/INFLAMMATORY;LIPID/METABOLIC;ECM;NEURONAL/NEURODEGENERATIVE;RENAL;OXIDATIVE/MITOCHONDRIAL	NOT_ASSIGNED_FROM_POSITIONAL_OR_XQTL_LOOKUP	DESCRIPTIVE_SUPPORT_ONLY_NO_CAUSAL_GENE_CLAIM
POAG-CAD|chr16|rs999675	POAG-CAD	False	16	rs999675	75306402	16:74730819-75517115	NEGATIVE_DIRECTION_CONCORDANT	0.0205537196823386	1.0425371307031001e-10	LEVEL3			BCAR1	BCAR1	BCAR1	BCAR1;CFDP1;RP11-252K23.2;RP11-331F4.5;TMEM170A	LOOKUP_RETURNED	RETINAL/OCULAR;VASCULAR/ENDOTHELIAL;IMMUNE/INFLAMMATORY;LIPID/METABOLIC;ECM;NEURONAL/NEURODEGENERATIVE;RENAL;OXIDATIVE/MITOCHONDRIAL	NOT_ASSIGNED_FROM_POSITIONAL_OR_XQTL_LOOKUP	DESCRIPTIVE_SUPPORT_ONLY_NO_CAUSAL_GENE_CLAIM
POAG-CAD|chr17|rs7217226	POAG-CAD	False	17	rs7217226	2136065	17:1481897-2613925	NEGATIVE_DIRECTION_CONCORDANT	2.4452296337214182e-09	2.45846267639879e-12	LEVEL3			SMG6	SMG6	SMG6	HNRNPA1P16;RP1-59D14.10;RP1-59D14.5;SGSM2;SRR;TSR1	LOOKUP_RETURNED	RETINAL/OCULAR;VASCULAR/ENDOTHELIAL;IMMUNE/INFLAMMATORY;LIPID/METABOLIC;ECM;NEURONAL/NEURODEGENERATIVE;RENAL;OXIDATIVE/MITOCHONDRIAL	NOT_ASSIGNED_FROM_POSITIONAL_OR_XQTL_LOOKUP	DESCRIPTIVE_SUPPORT_ONLY_NO_CAUSAL_GENE_CLAIM
POAG-CAD|chr17|rs9894634	POAG-CAD	False	17	rs9894634	1967501	17:1481897-2613925	NEGATIVE_DIRECTION_CONCORDANT	2.4452296337214182e-09	3.96091259298183e-07	LEVEL3			SMG6	SMG6	SMG6	HNRNPA1P16;SRR	LOOKUP_RETURNED	RETINAL/OCULAR;VASCULAR/ENDOTHELIAL;IMMUNE/INFLAMMATORY;LIPID/METABOLIC;ECM;NEURONAL/NEURODEGENERATIVE;RENAL;OXIDATIVE/MITOCHONDRIAL	NOT_ASSIGNED_FROM_POSITIONAL_OR_XQTL_LOOKUP	DESCRIPTIVE_SUPPORT_ONLY_NO_CAUSAL_GENE_CLAIM
POAG-CAD|chr7|rs10278591	POAG-CAD	False	7	rs10278591	1921362	7:1493090-2479029	NEGATIVE_DIRECTION_CONCORDANT	0.0237098987773341	1.04601846634954e-07	LEVEL2		AC074389.6;AC110781.3;CHST12;EIF3B;ELFN1;FTSJ2;INTS1;MAD1L1;MAFK;MICALL2;NUDT1;PSMG3;SNX8;TMEM184A	MAD1L1	AC074389.6;AC110781.3;CHST12;EIF3B;ELFN1;FTSJ2;INTS1;MAD1L1;MAFK;MICALL2;NUDT1;PSMG3;SNX8;TMEM184A	AC074389.6	AC110781.3;MRM2	LOOKUP_RETURNED	RETINAL/OCULAR;VASCULAR/ENDOTHELIAL;IMMUNE/INFLAMMATORY;LIPID/METABOLIC;ECM;NEURONAL/NEURODEGENERATIVE;RENAL;OXIDATIVE/MITOCHONDRIAL	NOT_ASSIGNED_FROM_POSITIONAL_OR_XQTL_LOOKUP	DESCRIPTIVE_SUPPORT_ONLY_NO_CAUSAL_GENE_CLAIM
POAG-CKD|chr4|rs11100780	POAG-CKD	True	4	rs11100780	144104906	4:142808503-145021868	NEGATIVE_DIRECTION_CONCORDANT	0.0472529339623195	6.40633799129661e-06	LEVEL3			USP38	USP38	USP38	INPP4B;RP11-284M14.1;USP38	LOOKUP_RETURNED	RETINAL/OCULAR;VASCULAR/ENDOTHELIAL;IMMUNE/INFLAMMATORY;LIPID/METABOLIC;ECM;NEURONAL/NEURODEGENERATIVE;RENAL;OXIDATIVE/MITOCHONDRIAL	NOT_ASSIGNED_FROM_POSITIONAL_OR_XQTL_LOOKUP	DESCRIPTIVE_SUPPORT_ONLY_NO_CAUSAL_GENE_CLAIM
POAG-STROKE|chr4|rs7670439	POAG-STROKE	False	4	rs7670439	144080267	4:142808503-145021868	NEGATIVE_DIRECTION_CONCORDANT	0.0017427772635334	1.30670732396507e-08	LEVEL3			USP38	USP38	USP38	INPP4B;RP11-284M14.1;USP38	LOOKUP_RETURNED	RETINAL/OCULAR;VASCULAR/ENDOTHELIAL;IMMUNE/INFLAMMATORY;LIPID/METABOLIC;ECM;NEURONAL/NEURODEGENERATIVE;RENAL;OXIDATIVE/MITOCHONDRIAL	NOT_ASSIGNED_FROM_POSITIONAL_OR_XQTL_LOOKUP	DESCRIPTIVE_SUPPORT_ONLY_NO_CAUSAL_GENE_CLAIM
POAG-T2D|chr16|rs10903013	POAG-T2D	False	16	rs10903013	312253	16:60291-596605	NEGATIVE_DIRECTION_CONCORDANT	0.0205537196823386	1.54377449441488e-05	LEVEL2		ARHGDIG;AXIN1;CAPN15;DECR2;HBA1;HBA2;HBM;HBQ1;HBZ;ITFG3;LUC7L;MPG;MRPL28;NME4;NPRL3;PDIA2;POLR3K;RAB11FIP3;RGS11;RHBDF1;SNRNP25;TMEM8A;WASH4P	ITFG3	ARHGDIG;AXIN1;CAPN15;DECR2;HBA1;HBA2;HBM;HBQ1;HBZ;ITFG3;LUC7L;MPG;MRPL28;NME4;NPRL3;PDIA2;POLR3K;RAB11FIP3;RGS11;RHBDF1;SNRNP25;TMEM8A;WASH4P	ARHGDIG	ARHGDIG;FAM234A;GNG13;HBQ1;LA16c-OS12.2;NPRL3;PDIA2;RGS11	LOOKUP_RETURNED	RETINAL/OCULAR;VASCULAR/ENDOTHELIAL;IMMUNE/INFLAMMATORY;LIPID/METABOLIC;ECM;NEURONAL/NEURODEGENERATIVE;RENAL;OXIDATIVE/MITOCHONDRIAL	NOT_ASSIGNED_FROM_POSITIONAL_OR_XQTL_LOOKUP	DESCRIPTIVE_SUPPORT_ONLY_NO_CAUSAL_GENE_CLAIM
POAG-T2D|chr9|rs10818834	POAG-T2D	False	9	rs10818834	126317324	9:125545194-126926376	NEGATIVE_DIRECTION_CONCORDANT	0.0266809122382042	2.83581137824422e-06	LEVEL2		CRB2;DENND1A;GPR21;LHX2;OR1K1;OR5C1;PDCL;RABGAP1;RC3H2;STRBP;ZBTB26;ZBTB6	DENND1A	CRB2;DENND1A;GPR21;LHX2;OR1K1;OR5C1;PDCL;RABGAP1;RC3H2;STRBP;ZBTB26;ZBTB6	CRB2		NO_GTEx_V8_GENE_RECORD	RETINAL/OCULAR;VASCULAR/ENDOTHELIAL;IMMUNE/INFLAMMATORY;LIPID/METABOLIC;ECM;NEURONAL/NEURODEGENERATIVE;RENAL;OXIDATIVE/MITOCHONDRIAL	NOT_ASSIGNED_FROM_POSITIONAL_OR_XQTL_LOOKUP	DESCRIPTIVE_SUPPORT_ONLY_NO_CAUSAL_GENE_CLAIM
